fecha,CO_promedio
01/01/20,0.4809722222222222
02/01/20,0.2009027777777778
03/01/20,0.43111111111111117
04/01/20,0.33749999999999997
05/01/20,0.40138888888888885
06/01/20,0.9430555555555555
07/01/20,0.38972222222222225
08/01/20,0.5474305555555555
09/01/20,0.7277777777777779
10/01/20,0.6597222222222222
11/01/20,0.4986111111111111
12/01/20,0.4152777777777778
13/01/20,0.5708333333333333
14/01/20,0.5675694444444445
15/01/20,0.5319444444444444
16/01/20,0.35694444444444445
17/01/20,0.43611111111111106
18/01/20,0.4902777777777778
19/01/20,0.2152777777777778
20/01/20,0.37270833333333336
21/01/20,0.48888888888888893
22/01/20,0.7875
23/01/20,0.4875
24/01/20,0.3541666666666667
25/01/20,0.34194444444444444
26/01/20,0.40701388888888895
27/01/20,0.5106944444444445
28/01/20,0.5954166666666666
29/01/20,0.4551388888888889
30/01/20,0.34958333333333336
31/01/20,0.3726388888888889
01/02/20,0.418125
02/02/20,0.5634722222222223
03/02/20,0.37041666666666667
04/02/20,0.47597222222222224
05/02/20,0.36347222222222225
06/02/20,0.3565277777777778
07/02/20,0.7397916666666666
08/02/20,0.4986111111111111
09/02/20,0.4264553140096618
10/02/20,0.5662530193236716
11/02/20,0.6263888888888888
12/02/20,0.3861574074074074
13/02/20,0.4561805555555556
14/02/20,0.6847222222222222
15/02/20,0.5604166666666667
16/02/20,0.3263888888888889
17/02/20,0.5583333333333332
18/02/20,0.6416666666666667
19/02/20,0.635625
20/02/20,0.44722222222222224
21/02/20,0.2529166666666667
22/02/20,0.3972222222222222
23/02/20,0.43472222222222223
24/02/20,0.4458333333333333
25/02/20,0.43701388888888887
26/02/20,0.4208333333333334
27/02/20,0.4986111111111111
28/02/20,0.4583333333333333
29/02/20,0.501388889
01/03/20,0.5126633986928105
02/03/20,0.520061275
03/03/20,0.47361111111111104
04/03/20,0.36874999999999997
05/03/20,0.49444444444444446
06/03/20,0.3763888888888889
07/03/20,0.2916666666666667
08/03/20,0.31340277777777775
09/03/20,0.3986111111111111
10/03/20,0.33958333333333335
11/03/20,0.5736111111111111
12/03/20,0.5291666666666667
13/03/20,0.40972222222222215
14/03/20,0.3175694444444445
15/03/20,0.22083333333333335
16/03/20,0.2597222222222222
17/03/20,0.4527777777777778
18/03/20,0.525
19/03/20,0.4938888888888889
20/03/20,0.4009027777777778
21/03/20,0.225
22/03/20,0.2986111111111111
23/03/20,0.3833333333333333
24/03/20,0.4375
25/03/20,0.3736111111111111
26/03/20,0.40368055555555554
27/03/20,0.37222222222222223
28/03/20,0.3138888888888889
29/03/20,0.1888888888888889
30/03/20,0.3236111111111111
31/03/20,0.23888888888888893
01/04/20,0.2661805555555556
02/04/20,0.23750000000000002
03/04/20,0.31597222222222227
04/04/20,0.3125
05/04/20,0.2138888888888889
06/04/20,0.3013888888888889
07/04/20,0.19951388888888888
08/04/20,0.24444444444444446
09/04/20,0.2722222222222222
10/04/20,0.23194444444444443
11/04/20,0.20694444444444446
12/04/20,0.15694444444444444
13/04/20,0.31340277777777775
14/04/20,0.34027777777777785
15/04/20,0.32916666666666666
16/04/20,0.28194444444444444
17/04/20,0.27499999999999997
18/04/20,0.30277777777777776
19/04/20,0.2717361111111111
20/04/20,0.2611111111111111
21/04/20,0.2736111111111111
22/04/20,0.3444444444444444
23/04/20,0.35833333333333334
24/04/20,0.3652777777777778
25/04/20,0.3967361111111112
26/04/20,0.125
27/04/20,0.2152777777777778
28/04/20,0.32083333333333336
29/04/20,0.3222222222222222
30/04/20,0.2222222222222222
01/05/20,0.3078472222222222
02/05/20,0.3083333333333333
03/05/20,0.19444444444444442
04/05/20,0.26944444444444443
05/05/20,0.1986111111111111
06/05/20,0.21527777777777776
07/05/20,0.2717361111111111
08/05/20,0.36388888888888893
09/05/20,0.2791666666666666
10/05/20,0.13194444444444445
11/05/20,0.26111111111111107
12/05/20,0.34652777777777777
13/05/20,0.360625
14/05/20,0.3819444444444445
15/05/20,0.3708333333333333
16/05/20,0.22361111111111112
17/05/20,0.2263888888888889
18/05/20,0.3561111111111111
19/05/20,0.3022916666666666
20/05/20,0.39999999999999997
21/05/20,0.576388889
22/05/20,0.47361111111111115
23/05/20,0.3986111111111111
24/05/20,0.26569444444444446
25/05/20,0.3217361111111111
26/05/20,0.39166666666666666
27/05/20,0.4513888888888889
28/05/20,0.3833333333333333
29/05/20,0.2902777777777778
30/05/20,0.1615277777777778
31/05/20,0.24256944444444448
01/06/20,0.2652777777777778
02/06/20,0.21666666666666667
03/06/20,0.14861111111111114
04/06/20,0.19722222222222222
05/06/20,0.19069444444444447
06/06/20,0.21895833333333337
07/06/20,0.1902777777777778
08/06/20,0.34027777777777773
09/06/20,0.44722222222222224
10/06/20,0.2875
11/06/20,0.16430555555555557
12/06/20,0.1522916666666667
13/06/20,0.13888888888888892
14/06/20,0.1763888888888889
15/06/20,0.2027777777777778
16/06/20,0.2708333333333333
17/06/20,0.28055555555555556
18/06/20,0.25645833333333334
19/06/20,0.22361111111111112
20/06/20,0.2708333333333333
21/06/20,0.33888888888888885
22/06/20,0.4305555555555556
23/06/20,0.40153508771929824
24/06/20,0.37284722222222216
25/06/20,0.32638888888888884
26/06/20,0.33194444444444443
27/06/20,0.2625
28/06/20,0.2555555555555556
29/06/20,0.3240277777777778
30/06/20,0.40368055555555554
01/07/20,0.3444444444444444
02/07/20,0.30138888888888893
03/07/20,0.2291666666666667
04/07/20,0.2833333333333334
05/07/20,0.3527777777777778
06/07/20,0.48701388888888886
07/07/20,0.37777777777777777
08/07/20,0.3222222222222222
09/07/20,0.49722222222222223
10/07/20,0.4916666666666667
11/07/20,0.21777777777777776
12/07/20,0.2217361111111111
13/07/20,0.33819444444444446
14/07/20,0.37083333333333335
15/07/20,0.33888888888888885
16/07/20,0.2916666666666667
17/07/20,0.26944444444444443
18/07/20,0.2870138888888889
19/07/20,0.2555555555555556
20/07/20,0.37222222222222223
21/07/20,0.29583333333333334
22/07/20,0.325
23/07/20,0.28430555555555553
24/07/20,0.34534722222222225
25/07/20,0.32916666666666666
26/07/20,0.3958333333333333
27/07/20,0.41250000000000003
28/07/20,0.2722222222222222
29/07/20,0.41805555555555557
30/07/20,0.4009027777777778
31/07/20,0.4000000000000001
01/08/20,0.4840277777777778
02/08/20,0.3055555555555555
03/08/20,0.5159722222222222
04/08/20,0.5138888888888888
05/08/20,0.2550694444444444
06/08/20,0.28750000000000003
07/08/20,0.2138888888888889
08/08/20,0.20694444444444446
09/08/20,0.3125
10/08/20,0.4666666666666666
11/08/20,0.3715972222222222
12/08/20,0.4055555555555555
13/08/20,0.3513888888888889
14/08/20,0.4963402980239715
15/08/20,0.4164583333333334
16/08/20,0.2997916666666667
17/08/20,0.36118055555555556
18/08/20,0.31229166666666663
19/08/20,0.32340277777777776
20/08/20,0.32618055555555553
21/08/20,0.3470138888888889
22/08/20,0.3067361111111111
23/08/20,0.24354166666666666
24/08/20,0.32479166666666665
25/08/20,0.3053472222222222
26/08/20,0.34145833333333336
27/08/20,0.36645833333333333
28/08/20,0.4997916666666667
29/08/20,0.35604166666666665
30/08/20,0.2928472222222222
31/08/20,0.3984027777777777
01/09/20,0.38590277777777776
02/09/20,0.3678472222222222
03/09/20,0.29215277777777776
04/09/20,0.2907638888888889
05/09/20,0.27618055555555554
06/09/20,0.23868055555555553
07/09/20,0.28590277777777773
08/09/20,0.3636805555555555
09/09/20,0.3567361111111111
10/09/20,0.3750694444444444
11/09/20,0.29872914642047294
12/09/20,0.22638888888888886
13/09/20,0.12638888888888888
14/09/20,0.32222222222222224
15/09/20,0.2708333333333333
16/09/20,0.17451388888888889
17/09/20,0.24583333333333335
18/09/20,0.30069444444444443
19/09/20,0.21666666666666667
20/09/20,0.2041666666666667
21/09/20,0.3819444444444444
22/09/20,0.41826388888888894
23/09/20,0.37777777777777777
24/09/20,0.3560591603053435
25/09/20,0.43368055555555557
26/09/20,0.40076388888888886
27/09/20,0.36326388888888883
28/09/20,0.359375
29/09/20,0.32576388888888885
30/09/20,0.3417840375586854
01/10/20,0.3347222222222222
02/10/20,0.21805555555555556
03/10/20,0.18611111111111112
04/10/20,0.15784722222222222
05/10/20,0.2388888888888889
06/10/20,0.3522290528233152
07/10/20,0.41229166666666667
08/10/20,0.39492372495446265
09/10/20,0.48750000000000004
10/10/20,0.38423611111111117
11/10/20,0.3013888888888889
12/10/20,0.5347222222222222
13/10/20,0.3576388888888889
14/10/20,0.29444444444444445
15/10/20,0.3902777777777778
16/10/20,0.3022916666666667
17/10/20,0.25
18/10/20,0.5097222222222222
19/10/20,0.40972222222222227
20/10/20,0.29583333333333334
21/10/20,0.3111111111111111
22/10/20,0.4637847222222222
23/10/20,0.5111111111111112
24/10/20,0.44999999999999996
25/10/20,0.3430555555555556
26/10/20,0.6402777777777778
27/10/20,0.6236111111111112
28/10/20,0.6134027777777779
29/10/20,0.47083333333333327
30/10/20,0.2715277777777778
31/10/20,0.40138888888888885
01/11/20,0.25
02/11/20,0.125
03/11/20,0.229375
04/11/20,0.29861111111111116
05/11/20,0.26805555555555555
06/11/20,0.40277777777777773
07/11/20,0.42916666666666664
08/11/20,0.5152777777777778
09/11/20,0.5120138888888889
10/11/20,0.5208333333333334
11/11/20,0.6805555555555555
12/11/20,0.5347222222222222
13/11/20,0.6416666666666666
14/11/20,0.5916666666666667
15/11/20,0.47451388888888885
16/11/20,0.20694444444444446
17/11/20,0.2888888888888889
18/11/20,0.35000000000000003
19/11/20,0.4069444444444445
20/11/20,0.46923202614379084
21/11/20,0.22590277777777779
22/11/20,0.2138888888888889
23/11/20,0.32361111111111107
24/11/20,0.6986111111111111
25/11/20,0.6555555555555556
26/11/20,0.5513888888888889
27/11/20,0.6022916666666668
28/11/20,0.6958333333333334
29/11/20,0.6347222222222223
30/11/20,0.35833333333333334
01/12/20,0.5027777777777778
02/12/20,0.3708333333333333
03/12/20,0.5254583333333334
04/12/20,0.6486111111111111
05/12/20,0.5902777777777778
06/12/20,0.4277777777777778
07/12/20,0.36944444444444446
08/12/20,0.5208333333333334
09/12/20,0.4050694444444445
10/12/20,0.5104166666666666
11/12/20,0.5555555555555556
12/12/20,0.5444444444444444
13/12/20,0.4847222222222223
14/12/20,0.3527777777777778
15/12/20,0.4800694444444445
16/12/20,0.48055555555555557
17/12/20,0.4194444444444445
18/12/20,0.6013888888888889
19/12/20,0.4375
20/12/20,0.25
21/12/20,0.4120138888888889
22/12/20,0.4902777777777778
23/12/20,0.7965972222222222
24/12/20,0.6618055555555555
25/12/20,0.2736111111111111
26/12/20,0.4347222222222222
27/12/20,0.3911805555555556
28/12/20,0.5430555555555556
29/12/20,0.7583333333333333
30/12/20,0.5243055555555556
31/12/20,0.24722222222222223
01/01/21,0.48277777777777775
02/01/21,0.541875
03/01/21,0.5145833333333333
04/01/21,0.6356944444444445
05/01/21,0.5716666666666667
06/01/21,0.6633333333333334
07/01/21,0.3886111111111111
08/01/21,0.5177083333333333
09/01/21,0.47375000000000006
10/01/21,0.29611111111111116
11/01/21,0.39083333333333337
12/01/21,0.4773611111111111
13/01/21,0.611111111
14/01/21,0.5142361111111111
15/01/21,0.7005555555555555
16/01/21,0.4994444444444445
17/01/21,0.44125
18/01/21,0.7875
19/01/21,0.6147222222222223
20/01/21,0.40756944444444443
21/01/21,0.6035416666666666
22/01/21,0.6737500000000001
23/01/21,0.6454166666666666
24/01/21,0.5622222222222222
25/01/21,0.5352083333333333
26/01/21,0.590763889
27/01/21,0.6008333333333334
28/01/21,0.25972222222222224
29/01/21,0.5970833333333334
30/01/21,0.7002777777777779
31/01/21,0.37819444444444444
01/02/21,0.26229166666666665
02/02/21,0.5206944444444445
03/02/21,0.5888888888888889
04/02/21,0.8381944444444445
05/02/21,0.7081944444444445
06/02/21,0.4566527777777778
07/02/21,0.33375
08/02/21,0.5047222222222223
09/02/21,0.4977777777777778
10/02/21,0.6930555555555555
11/02/21,0.545
12/02/21,0.3426388888888889
13/02/21,0.2509722222222222
14/02/21,0.3179166666666666
15/02/21,0.4217361111111111
16/02/21,0.5215277777777777
17/02/21,0.4266666666666667
18/02/21,0.7895833333333333
19/02/21,0.5732638888888889
20/02/21,0.585
21/02/21,0.5319444444444444
22/02/21,0.5522222222222223
23/02/21,0.3958333333333333
24/02/21,0.42138888888888887
25/02/21,0.5178472222222222
26/02/21,0.6447916666666668
27/02/21,0.5640277777777777
28/02/21,0.5002777777777777
01/03/21,0.5561111111111111
02/03/21,0.37694444444444447
03/03/21,0.3550694444444445
04/03/21,0.39597222222222217
05/03/21,0.4804861111111111
06/03/21,0.27458333333333335
07/03/21,0.3626388888888889
08/03/21,0.38611111111111107
09/03/21,0.3778472222222222
10/03/21,0.4961111111111111
11/03/21,0.5283333333333333
12/03/21,0.465
13/03/21,0.4701388888888889
14/03/21,0.38725000000000004
15/03/21,0.3303472222222223
16/03/21,0.40111111111111114
17/03/21,0.3763888888888889
18/03/21,0.25513888888888886
19/03/21,0.38902777777777775
20/03/21,0.43291666666666667
21/03/21,0.3549305555555556
22/03/21,0.36680555555555555
23/03/21,0.34402777777777777
24/03/21,0.3852083333333334
25/03/21,0.4855555555555555
26/03/21,0.5836111111111112
27/03/21,0.484375
28/03/21,0.3183333333333333
29/03/21,0.25138888888888883
30/03/21,0.4148611111111111
31/03/21,0.35659722222222223
01/04/21,0.077777778
02/04/21,0.10381944444444445
03/04/21,0.1822222222222222
04/04/21,0.25027777777777777
05/04/21,0.3986111111111111
06/04/21,0.37236111111111114
07/04/21,0.46069444444444446
08/04/21,0.4821527777777778
09/04/21,0.45416666666666666
10/04/21,0.43944444444444447
11/04/21,0.41791666666666666
12/04/21,0.5167361111111112
13/04/21,0.48313888888888895
14/04/21,0.4832638888888889
15/04/21,0.40499999999999997
16/04/21,0.5423611111111111
17/04/21,0.5083333333333333
18/04/21,0.38805555555555554
19/04/21,0.565138889
20/04/21,0.45493055555555556
21/04/21,0.5127777777777778
22/04/21,0.47138888888888886
23/04/21,0.49638888888888894
24/04/21,0.4856944444444445
25/04/21,0.21889814814814815
26/04/21,0.3812638888888889
27/04/21,0.3990277777777778
28/04/21,0.3851111111111111
29/04/21,0.48875
30/04/21,0.5319444444444444
01/05/21,0.33805555555555555
02/05/21,0.3386805555555556
03/05/21,0.4186111111111111
04/05/21,0.3956944444444444
05/05/21,0.29625000000000007
06/05/21,0.26555555555555554
07/05/21,0.19868055555555555
08/05/21,0.31173611111111105
09/05/21,0.3491666666666667
10/05/21,0.3545833333333333
11/05/21,0.3675
12/05/21,0.3773611111111111
13/05/21,0.21372222222222223
14/05/21,0.26131944444444444
15/05/21,0.3056944444444445
16/05/21,0.24819444444444447
17/05/21,0.38152777777777774
18/05/21,0.44027777777777777
19/05/21,0.42865740740740743
20/05/21,0.3810416666666667
21/05/21,0.3147222222222222
22/05/21,0.21166666666666667
23/05/21,0.16291666666666668
24/05/21,0.22375
25/05/21,0.3171944444444444
26/05/21,0.3095138888888889
27/05/21,0.2926388888888889
28/05/21,0.4149305555555555
29/05/21,0.2841666666666667
30/05/21,0.19611111111111112
31/05/21,0.2584722222222222
01/06/21,0.39409722222222227
02/06/21,0.4070833333333333
03/06/21,0.4648611111111111
04/06/21,0.7404166666666666
05/06/21,0.5641666666666668
06/06/21,0.43218434343434337
07/06/21,0.408125
08/06/21,0.48347222222222225
09/06/21,0.43215277777777783
10/06/21,0.22805555555555554
11/06/21,0.3163888888888889
12/06/21,0.2884722222222222
13/06/21,0.3961805555555556
14/06/21,0.3481944444444444
15/06/21,0.24736111111111111
16/06/21,0.23458333333333334
17/06/21,0.2386111111111111
18/06/21,0.3744444444444444
19/06/21,0.22363425925925925
20/06/21,0.31527777777777777
21/06/21,0.4598611111111111
22/06/21,0.4916666666666667
23/06/21,0.4429166666666666
24/06/21,0.4895833333333333
25/06/21,0.5157638888888889
26/06/21,0.28930555555555554
27/06/21,0.2695833333333333
28/06/21,0.3377777777777778
29/06/21,0.43593055555555554
30/06/21,0.4148611111111111
01/07/21,0.4632638888888889
02/07/21,0.5427777777777778
03/07/21,0.5094444444444445
04/07/21,0.5577777777777778
05/07/21,0.5670833333333334
06/07/21,0.5911111111111113
07/07/21,0.6213194444444444
08/07/21,0.46777777777777785
09/07/21,0.3751388888888889
10/07/21,0.4758333333333334
11/07/21,0.3120833333333333
12/07/21,0.33666666666666667
13/07/21,0.4502083333333334
14/07/21,0.39388888888888896
15/07/21,0.41250000000000003
16/07/21,0.49486111111111114
17/07/21,0.3563888888888889
18/07/21,0.3004166666666667
19/07/21,0.3286805555555556
20/07/21,0.43059722222222224
21/07/21,0.38999999999999996
22/07/21,0.39166666666666666
23/07/21,0.41875
24/07/21,0.3065277777777778
25/07/21,0.3321969696969697
26/07/21,0.4383333333333334
27/07/21,0.46584722222222225
28/07/21,0.30944444444444447
29/07/21,0.24222222222222226
30/07/21,0.3320238095238095
31/07/21,0.4690277777777778
01/08/21,0.46125
02/08/21,0.47041666666666665
03/08/21,0.4161111111111111
04/08/21,0.3872222222222222
05/08/21,0.30569444444444444
06/08/21,0.36770833333333336
07/08/21,0.3390972222222222
08/08/21,0.3968055555555556
09/08/21,0.5645833333333333
10/08/21,0.3351388888888889
11/08/21,0.3544444444444444
12/08/21,0.47430555555555554
13/08/21,0.4909722222222223
14/08/21,0.3526388888888889
15/08/21,0.18791666666666665
16/08/21,0.2576388888888889
17/08/21,0.47611111111111115
18/08/21,0.4897222222222222
19/08/21,0.2923611111111111
20/08/21,0.3219444444444444
21/08/21,0.3532638888888889
22/08/21,0.2548611111111111
23/08/21,0.26944444444444443
24/08/21,0.2690277777777778
25/08/21,0.21291666666666667
26/08/21,0.2763888888888889
27/08/21,0.47402777777777777
28/08/21,0.3624305555555556
29/08/21,0.48666666666666664
30/08/21,0.6381944444444446
31/08/21,0.46625
01/09/21,0.6037499999999999
02/09/21,0.49597222222222226
03/09/21,0.5793055555555555
04/09/21,0.3015277777777778
05/09/21,0.3448611111111111
06/09/21,0.45416666666666666
07/09/21,0.5575000000000001
08/09/21,0.4386111111111111
09/09/21,0.2690277777777778
10/09/21,0.2363888888888889
11/09/21,0.21701388888888887
12/09/21,0.14652777777777778
13/09/21,0.24219444444444446
14/09/21,0.3475
15/09/21,0.4495833333333333
16/09/21,0.4276388888888889
17/09/21,0.45118055555555553
18/09/21,0.30666666666666664
19/09/21,0.27
20/09/21,0.575138889
21/09/21,0.42
22/09/21,0.21930555555555556
23/09/21,0.3141666666666667
24/09/21,0.31611111111111106
25/09/21,0.2866666666666667
26/09/21,0.23680555555555557
27/09/21,0.46291666666666664
28/09/21,0.5369444444444444
29/09/21,0.4304861111111111
30/09/21,0.47972222222222216
01/10/21,0.6327777777777777
02/10/21,0.6802777777777779
03/10/21,0.2813888888888889
04/10/21,0.2602777777777778
05/10/21,0.27493055555555557
06/10/21,0.34736111111111106
07/10/21,0.3894444444444444
08/10/21,0.41840277777777773
09/10/21,0.3036111111111111
10/10/21,0.4709722222222222
11/10/21,0.46923611111111113
12/10/21,0.5148611111111111
13/10/21,0.5993055555555555
14/10/21,0.5253472222222222
15/10/21,0.36666666666666664
16/10/21,0.16944444444444443
17/10/21,0.2129861111111111
18/10/21,0.39166666666666666
19/10/21,0.49486111111111114
20/10/21,0.45375000000000004
21/10/21,0.27069444444444446
22/10/21,0.31358187134502924
23/10/21,0.4378472222222223
24/10/21,0.4055555555555556
25/10/21,0.7854166666666668
26/10/21,0.6397222222222222
27/10/21,0.49722222222222223
28/10/21,0.5318055555555555
29/10/21,0.4679067460317461
30/10/21,0.5184722222222222
31/10/21,0.46736111111111106
01/11/21,0.3819444444444444
02/11/21,0.2926388888888889
03/11/21,0.5261111111111111
04/11/21,0.4278472222222222
05/11/21,0.4073611111111111
06/11/21,0.2901388888888889
07/11/21,0.2165277777777778
08/11/21,0.37833333333333335
09/11/21,0.39000000000000007
10/11/21,0.5589583333333333
11/11/21,0.4376204648526077
12/11/21,0.30527777777777776
13/11/21,0.16069444444444445
14/11/21,0.18631944444444445
15/11/21,0.20680555555555555
16/11/21,0.49756944444444445
17/11/21,0.5298611111111112
18/11/21,0.4833333333333334
19/11/21,0.2484722222222222
20/11/21,0.23777777777777775
21/11/21,0.2752777777777778
22/11/21,0.2717361111111111
23/11/21,0.3330555555555556
24/11/21,0.6419444444444444
25/11/21,0.5447222222222222
26/11/21,0.3552777777777778
27/11/21,0.6625
28/11/21,0.4847222222222222
29/11/21,0.45083333333333336
30/11/21,0.63125
01/12/21,0.5026388888888889
02/12/21,0.4033333333333333
03/12/21,0.65125
04/12/21,0.44687499999999997
05/12/21,0.6556944444444445
06/12/21,0.8354166666666666
07/12/21,0.5815277777777778
08/12/21,0.8263888888888888
09/12/21,0.7946527777777779
10/12/21,0.8654861111111111
11/12/21,0.6483333333333333
12/12/21,0.3216666666666667
13/12/21,0.46069444444444446
14/12/21,0.49680555555555556
15/12/21,0.6390277777777778
16/12/21,0.6536805555555556
17/12/21,0.7019444444444445
18/12/21,0.7081944444444445
19/12/21,0.5099999999999999
20/12/21,0.6604166666666668
21/12/21,0.654828431
22/12/21,0.8646527777777777
23/12/21,0.9429166666666666
24/12/21,0.9738194444444445
25/12/21,0.5519444444444445
26/12/21,0.6643055555555556
27/12/21,0.9281944444444444
28/12/21,0.6467361111111111
29/12/21,0.66125
30/12/21,0.9406944444444444
31/12/21,0.8975
01/01/22,0.8116666666666666
02/01/22,0.47441919191919185
03/01/22,0.4290972222222222
04/01/22,0.7975
05/01/22,0.8461111111111111
06/01/22,0.8460416666666667
07/01/22,0.7675
08/01/22,0.6565277777777777
09/01/22,0.41673611111111114
10/01/22,0.2853472222222222
11/01/22,0.2820833333333333
12/01/22,0.4615277777777778
13/01/22,0.46249999999999997
14/01/22,0.6966666666666667
15/01/22,0.5329861111111112
16/01/22,0.44208333333333333
17/01/22,0.5470833333333335
18/01/22,0.6381944444444444
19/01/22,0.6043055555555555
20/01/22,0.4945833333333333
21/01/22,0.3915046296296296
22/01/22,0.28791666666666665
23/01/22,0.42333333333333334
24/01/22,0.4443055555555555
25/01/22,0.40152777777777776
26/01/22,0.5270475497331394
27/01/22,0.5279861111111112
28/01/22,0.4922222222222223
29/01/22,0.3872222222222222
30/01/22,0.5419444444444445
31/01/22,0.32819444444444446
01/02/22,0.39902777777777776
02/02/22,0.43034722222222227
03/02/22,0.4379166666666667
04/02/22,0.4340635613779719
05/02/22,0.4979166666666666
06/02/22,0.46249999999999997
07/02/22,0.3965277777777778
08/02/22,0.43354166666666666
09/02/22,0.5123611111111112
10/02/22,0.5161805555555555
11/02/22,0.43069444444444444
12/02/22,0.4219444444444444
13/02/22,0.24786111111111112
14/02/22,0.5977083333333333
15/02/22,0.5715277777777777
16/02/22,0.5226388888888889
17/02/22,0.6334722222222222
18/02/22,0.5329179936305732
19/02/22,0.4993055555555555
20/02/22,0.42770833333333336
21/02/22,0.48055555555555557
22/02/22,0.5365277777777778
23/02/22,0.4322222222222223
24/02/22,0.4590958952583157
25/02/22,0.39319444444444446
26/02/22,0.320625
27/02/22,0.27763888888888894
28/02/22,0.3643055555555556
01/03/22,0.49750000000000005
02/03/22,0.4959722222222222
03/03/22,0.46456349206349207
04/03/22,0.4599305555555557
05/03/22,0.4585416666666667
06/03/22,0.48055555555555557
07/03/22,0.43027777777777776
08/03/22,0.4018055555555556
09/03/22,0.450343137
10/03/22,0.389375
11/03/22,0.5825
12/03/22,0.34888888888888897
13/03/22,0.46888888888888886
14/03/22,0.6216666666666667
15/03/22,0.7162777777777777
16/03/22,0.7786805555555555
17/03/22,0.6475
18/03/22,0.49694444444444447
19/03/22,0.4086111111111111
20/03/22,0.40097222222222223
21/03/22,0.2920833333333333
22/03/22,0.40312499999999996
23/03/22,0.49430555555555555
24/03/22,0.4251388888888889
25/03/22,0.4063888888888889
26/03/22,0.3559722222222222
27/03/22,0.41447649572649575
28/03/22,0.5428472222222223
29/03/22,0.5311111111111111
30/03/22,0.36027777777777775
31/03/22,0.6274305555555556
01/04/22,0.6602777777777779
02/04/22,0.5325
03/04/22,0.4338194444444445
04/04/22,0.6101388888888888
05/04/22,0.421875
06/04/22,0.5697222222222221
07/04/22,0.28180555555555553
08/04/22,0.5247222222222222
09/04/22,0.5568749999999999
10/04/22,0.5311111111111111
11/04/22,0.4520138888888889
12/04/22,0.3641666666666667
13/04/22,0.48194444444444445
14/04/22,0.3427777777777778
15/04/22,0.3024305555555556
16/04/22,0.2840277777777778
17/04/22,0.35861111111111116
18/04/22,0.43402777777777773
19/04/22,0.37485869565217395
20/04/22,0.44354166666666667
21/04/22,0.45798611111111104
22/04/22,0.3665972222222222
23/04/22,0.400625
24/04/22,0.39090277777777777
25/04/22,0.4932638888888889
26/04/22,0.3188194444444444
27/04/22,0.2924305555555555
28/04/22,0.47284963768115945
29/04/22,0.6002083333333333
30/04/22,0.4944444444444444
01/05/22,0.3154166666666666
02/05/22,0.4367952674897119
03/05/22,0.42520833333333335
04/05/22,0.40395833333333336
05/05/22,0.44174639917695474
06/05/22,0.4377777777777778
07/05/22,0.35833333333333334
08/05/22,0.36847222222222226
09/05/22,0.5567361111111112
10/05/22,0.38222222222222224
11/05/22,0.19930555555555554
12/05/22,0.216875
13/05/22,0.38305555555555554
14/05/22,0.36041666666666666
15/05/22,0.2565972222222222
16/05/22,0.4050694444444444
17/05/22,0.47208333333333335
18/05/22,0.4991666666666667
19/05/22,0.3831944444444444
20/05/22,0.5629166666666666
21/05/22,0.4147222222222222
22/05/22,0.3902083333333333
23/05/22,0.3604861111111111
24/05/22,0.5994444444444444
25/05/22,0.4972222222222223
26/05/22,0.35125
27/05/22,0.26062500000000005
28/05/22,0.24736111111111114
29/05/22,0.26513888888888887
30/05/22,0.26900049603174603
31/05/22,0.26013888888888886
01/06/22,0.26555555555555554
02/06/22,0.1982638888888889
03/06/22,0.2169444444444444
04/06/22,0.28041666666666665
05/06/22,0.2438888888888889
06/06/22,0.3673611111111111
07/06/22,0.3705235042735043
08/06/22,0.35284722222222226
09/06/22,0.3647916666666667
10/06/22,0.4054337899543379
11/06/22,0.38597222222222216
12/06/22,0.2538888888888889
13/06/22,0.4073611111111111
14/06/22,0.39048611111111114
15/06/22,0.41673611111111114
16/06/22,0.3063888888888889
17/06/22,0.3430555555555556
18/06/22,0.2398611111111111
19/06/22,0.21222222222222223
20/06/22,0.28868055555555555
21/06/22,0.30416666666666664
22/06/22,0.30583333333333335
23/06/22,0.2676388888888889
24/06/22,0.3675
25/06/22,0.4454166666666666
26/06/22,0.2890972222222223
27/06/22,0.24277777777777776
28/06/22,0.38763888888888887
29/06/22,0.2447222222222222
30/06/22,0.28291666666666665
01/07/22,0.519818376
02/07/22,0.45631944444444444
03/07/22,0.22282051282051282
04/07/22,0.30027777777777775
05/07/22,0.48701388888888886
06/07/22,0.3526388888888889
07/07/22,0.34708333333333335
08/07/22,0.32090277777777776
09/07/22,0.23097222222222222
10/07/22,0.17777777777777778
11/07/22,0.41333333333333333
12/07/22,0.4018055555555556
13/07/22,0.2902777777777778
14/07/22,0.29138888888888886
15/07/22,0.27958333333333335
16/07/22,0.27375
17/07/22,0.24097222222222223
18/07/22,0.4988888888888889
19/07/22,0.43624999999999997
20/07/22,0.3696527777777778
21/07/22,0.30069444444444443
22/07/22,0.3447222222222222
23/07/22,0.2422222222222222
24/07/22,0.20333333333333334
25/07/22,0.28763888888888894
26/07/22,0.3682638888888889
27/07/22,0.47375000000000006
28/07/22,0.6176388888888887
29/07/22,0.6686111111111112
30/07/22,0.2708333333333333
31/07/22,0.1563888888888889
01/08/22,0.30493055555555554
02/08/22,0.48416666666666663
03/08/22,0.48486111111111113
04/08/22,0.5743055555555555
05/08/22,0.3643055555555556
06/08/22,0.30291666666666667
07/08/22,0.2534027777777778
08/08/22,0.2783333333333333
09/08/22,0.39291666666666664
10/08/22,0.45305555555555554
11/08/22,0.23597222222222225
12/08/22,0.39513888888888893
13/08/22,0.464375
14/08/22,0.33687500000000004
15/08/22,0.4779166666666666
16/08/22,0.6367361111111111
17/08/22,0.5492361111111111
18/08/22,0.5125000000000001
19/08/22,0.5709027777777779
20/08/22,0.31986111111111115
21/08/22,0.35791666666666666
22/08/22,0.42333333333333334
23/08/22,0.4461111111111111
24/08/22,0.38999999999999996
25/08/22,0.287375
26/08/22,0.4191666666666667
27/08/22,0.5118055555555555
28/08/22,0.2936111111111111
29/08/22,0.4038888888888889
30/08/22,0.4848893596986818
31/08/22,0.3997916666666667
01/09/22,0.32163841807909604
02/09/22,0.24666666666666667
03/09/22,0.21361111111111108
04/09/22,0.2429166666666667
05/09/22,0.44845486111111105
06/09/22,0.5788194444444444
07/09/22,0.48652777777777784
08/09/22,0.2922222222222222
09/09/22,0.48041666666666666
10/09/22,0.48361111111111116
11/09/22,0.16597222222222222
12/09/22,0.2522916666666667
13/09/22,0.28902777777777783
14/09/22,0.32875
15/09/22,0.2747222222222222
16/09/22,0.13791666666666666
17/09/22,0.26875
18/09/22,0.3357638888888889
19/09/22,0.3938888888888889
20/09/22,0.2477777777777778
21/09/22,0.23583333333333334
22/09/22,0.20527777777777778
23/09/22,0.2590277777777778
24/09/22,0.3685416666666667
25/09/22,0.3227777777777778
26/09/22,0.23638888888888887
27/09/22,0.2658333333333333
28/09/22,0.27138888888888885
29/09/22,0.23650584795321639
30/09/22,0.3088194444444445
01/10/22,0.3859722222222222
02/10/22,0.34208333333333335
03/10/22,0.3870833333333333
04/10/22,0.5731944444444445
05/10/22,0.57125
06/10/22,0.3484375
07/10/22,0.2954166666666667
08/10/22,0.1893055555555556
09/10/22,0.16902777777777778
10/10/22,0.3248611111111111
11/10/22,0.4666666666666666
12/10/22,0.42855902777777777
13/10/22,0.4313888888888889
14/10/22,0.4915277777777778
15/10/22,0.3826388888888889
16/10/22,0.3461111111111111
17/10/22,0.5621527777777778
18/10/22,0.39152777777777786
19/10/22,0.3318055555555555
20/10/22,0.5911111111111111
21/10/22,0.7091666666666668
22/10/22,0.7253472222222223
23/10/22,0.48569444444444443
24/10/22,0.6217361111111112
25/10/22,0.58875
26/10/22,0.6802083333333333
27/10/22,0.739375
28/10/22,0.8516666666666667
29/10/22,0.35125
30/10/22,0.3120833333333333
31/10/22,0.5659027777777778
01/11/22,0.4777777777777778
02/11/22,0.21805555555555556
03/11/22,0.7712500000000001
04/11/22,0.7087499999999999
05/11/22,0.7179861111111112
06/11/22,0.4930555555555556
07/11/22,0.4679166666666667
08/11/22,0.19208333333333336
09/11/22,0.40138888888888885
10/11/22,0.6873611111111112
11/11/22,0.6688194444444445
12/11/22,0.6206944444444443
13/11/22,0.45083333333333336
14/11/22,0.5533333333333333
15/11/22,0.5158333333333334
16/11/22,0.4498611111111111
17/11/22,0.5477083333333334
18/11/22,0.365
19/11/22,0.5627777777777777
20/11/22,0.3318055555555556
21/11/22,0.2682638888888889
22/11/22,0.5145833333333333
23/11/22,0.6977083333333333
24/11/22,1.0315277777777778
25/11/22,0.8591666666666665
26/11/22,0.6801388888888887
27/11/22,0.7156944444444444
28/11/22,0.8523611111111111
29/11/22,0.9020138888888889
30/11/22,0.4061111111111111
01/12/22,0.3283333333333333
02/12/22,0.6020833333333333
03/12/22,0.45291666666666663
04/12/22,0.2704166666666667
05/12/22,0.9256249999999998
06/12/22,1.182777777777778
07/12/22,0.8495833333333334
08/12/22,0.7854166666666668
09/12/22,0.6808333333333333
10/12/22,0.7036111111111111
11/12/22,0.5232638888888889
12/12/22,0.8343055555555555
13/12/22,0.7806944444444445
14/12/22,0.8300000000000001
15/12/22,1.094861111111111
16/12/22,1.3413888888888887
17/12/22,0.7682638888888889
18/12/22,0.8568055555555555
19/12/22,0.92875
20/12/22,0.7471527777777779
21/12/22,0.6818055555555556
22/12/22,0.8789814814814814
23/12/22,0.5199305555555556
24/12/22,0.8104166666666667
25/12/22,0.6101388888888889
26/12/22,0.5901388888888889
27/12/22,0.59875
28/12/22,0.6947222222222221
29/12/22,0.6273611111111111
30/12/22,0.7352777777777777
31/12/22,0.6125
01/01/23,0.7765277777777778
02/01/23,0.5341666666666667
03/01/23,0.5773611111111111
04/01/23,0.7295138888888889
05/01/23,0.5440277777777778
06/01/23,0.6890277777777777
07/01/23,0.7027777777777778
08/01/23,0.5945833333333334
09/01/23,0.7463888888888889
10/01/23,0.7184027777777778
11/01/23,0.8819444444444443
12/01/23,0.7848611111111111
13/01/23,0.3526388888888889
14/01/23,0.6752777777777778
15/01/23,0.8333333333333334
16/01/23,0.7578472222222222
17/01/23,0.8125
18/01/23,0.8630555555555556
19/01/23,0.9056944444444445
20/01/23,0.8948611111111111
21/01/23,0.6561111111111111
22/01/23,0.45707107843137257
23/01/23,0.5501388888888888
24/01/23,0.5212765957446809
25/01/23,0.5419444444444445
26/01/23,0.39729166666666665
27/01/23,0.39729166666666665
28/01/23,0.4586111111111111
29/01/23,0.4320833333333333
30/01/23,0.5366666666666667
31/01/23,0.67125
01/02/23,0.6822222222222223
02/02/23,0.643611111
03/02/23,0.3663194444444445
04/02/23,0.505
05/02/23,0.4091666666666667
06/02/23,0.4469444444444444
07/02/23,0.7661111111111111
08/02/23,0.6772222222222221
09/02/23,0.4879861111111112
10/02/23,0.5591666666666666
11/02/23,0.35888888888888887
12/02/23,0.4959722222222222
13/02/23,0.6097222222222222
14/02/23,0.6101388888888888
15/02/23,0.6479166666666667
16/02/23,0.8001388888888888
17/02/23,0.5952777777777778
18/02/23,0.555
19/02/23,0.4961111111111111
20/02/23,0.6761029411764706
21/02/23,0.6002083333333332
22/02/23,0.5009722222222223
23/02/23,0.8117361111111112
24/02/23,0.5748611111111112
25/02/23,0.46833333333333343
26/02/23,0.5502777777777778
27/02/23,0.6101388888888889
28/02/23,0.6744444444444445
01/03/23,0.7818055555555556
02/03/23,0.6927777777777778
03/03/23,0.6429166666666667
04/03/23,0.6589583333333333
05/03/23,0.5009027777777777
06/03/23,0.5590277777777778
07/03/23,0.5669444444444444
08/03/23,0.6341666666666667
09/03/23,0.6156944444444444
10/03/23,0.5888888888888889
11/03/23,0.4935416666666667
12/03/23,0.4960416666666667
13/03/23,0.5063888888888889
14/03/23,0.7322730070791014
15/03/23,0.4365277777777778
16/03/23,0.5102777777777777
17/03/23,0.4960416666666667
18/03/23,0.36999999999999994
19/03/23,0.3444444444444445
20/03/23,0.41458333333333336
21/03/23,0.5948611111111112
22/03/23,0.5706944444444444
23/03/23,0.38784722222222223
24/03/23,0.41430555555555565
25/03/23,0.5263888888888889
26/03/23,0.5290277777777778
27/03/23,0.5773611111111112
28/03/23,0.42791666666666667
29/03/23,0.45890754847645426
30/03/23,0.6151388888888888
31/03/23,0.5475
01/04/23,0.3843055555555555
02/04/23,0.32375000000000004
03/04/23,0.43541666666666673
04/04/23,0.5874999999999999
05/04/23,0.5438888888888889
06/04/23,0.29847222222222225
07/04/23,0.2126388888888889
08/04/23,0.30416666666666664
09/04/23,0.2856944444444445
10/04/23,0.4076388888888889
11/04/23,0.3033796296296296
12/04/23,0.4055555555555556
13/04/23,0.47361111111111115
14/04/23,0.4955555555555555
15/04/23,0.4383333333333333
16/04/23,0.25
17/04/23,0.5391666666666667
18/04/23,0.6374305555555555
19/04/23,0.695
20/04/23,0.7083333333333334
21/04/23,0.5498611111111112
22/04/23,0.4332638888888889
23/04/23,0.45375000000000004
24/04/23,0.3934722222222222
25/04/23,0.3634027777777778
26/04/23,0.4808333333333334
27/04/23,0.6958333333333333
28/04/23,0.4891666666666666
29/04/23,0.47388888888888897
30/04/23,0.35763888888888884
01/05/23,0.38958333333333334
02/05/23,0.4781944444444444
03/05/23,0.5525326797385621
04/05/23,0.4335243055555556
05/05/23,0.6179166666666666
06/05/23,0.5444444444444444
07/05/23,0.3330555555555555
08/05/23,0.3925
09/05/23,0.6872222222222223
10/05/23,0.7500694444444443
11/05/23,0.9428472222222221
12/05/23,0.7518055555555555
13/05/23,0.5644444444444444
14/05/23,0.3978977272727273
15/05/23,0.3666666666666667
16/05/23,0.5894444444444445
17/05/23,0.6145833333333334
18/05/23,0.560138889
19/05/23,0.5508333333333333
20/05/23,0.4675
21/05/23,0.31597222222222227
22/05/23,0.5261111111111111
23/05/23,0.7147222222222224
24/05/23,0.4949305555555555
25/05/23,0.4916666666666667
26/05/23,0.3327777777777778
27/05/23,0.2966666666666667
28/05/23,0.29006944444444444
29/05/23,0.6333333333333333
30/05/23,0.6081944444444445
31/05/23,0.4445833333333334
01/06/23,0.48666666666666664
02/06/23,0.5851388888888889
03/06/23,0.5620833333333334
04/06/23,0.3015277777777778
05/06/23,0.44784722222222223
06/06/23,0.42333333333333334
07/06/23,0.6606944444444444
08/06/23,0.717361111
09/06/23,0.5166666666666666
10/06/23,0.5533333333333333
11/06/23,0.5725
12/06/23,0.5094444444444445
13/06/23,0.3794444444444445
14/06/23,0.3956944444444444
15/06/23,0.37222222222222223
16/06/23,0.38972222222222225
17/06/23,0.3525
18/06/23,0.33555555555555555
19/06/23,0.33694444444444444
20/06/23,0.3145833333333334
21/06/23,0.3398611111111111
22/06/23,0.2841666666666667
23/06/23,0.2552083333333333
24/06/23,0.2088888888888889
25/06/23,0.14069444444444446
26/06/23,0.3941666666666666
27/06/23,0.3843055555555555
28/06/23,0.32958333333333334
29/06/23,0.48541666666666666
30/06/23,0.3641666666666667
01/07/23,0.39958333333333335
02/07/23,0.26805555555555555
03/07/23,0.39208333333333334
04/07/23,0.32430555555555557
05/07/23,0.3016666666666667
06/07/23,0.36083333333333334
07/07/23,0.5301388888888888
08/07/23,0.36874999999999997
09/07/23,0.2446527777777778
10/07/23,0.3371527777777778
11/07/23,0.47527777777777774
12/07/23,0.4902083333333333
13/07/23,0.3668055555555556
14/07/23,0.38236111111111115
15/07/23,0.3127777777777778
16/07/23,0.16319444444444445
17/07/23,0.3055555555555556
18/07/23,0.2684722222222222
19/07/23,0.28833333333333333
20/07/23,0.2638888888888889
21/07/23,0.4997222222222222
22/07/23,0.37152777777777785
23/07/23,0.27125000000000005
24/07/23,0.28250000000000003
25/07/23,0.4164583333333333
26/07/23,0.4774305555555555
27/07/23,0.6303308823529412
28/07/23,0.5808333333333333
29/07/23,0.4168055555555556
30/07/23,0.2856944444444445
31/07/23,0.3434722222222222
01/08/23,0.3807679738562091
02/08/23,0.3316666666666666
03/08/23,0.3895138888888889
04/08/23,0.37486111111111114
05/08/23,0.33416666666666667
06/08/23,0.24861111111111112
07/08/23,0.4208333333333334
08/08/23,0.36604166666666665
09/08/23,0.3777083333333333
10/08/23,0.4946527777777778
11/08/23,0.5622916666666667
12/08/23,0.45715277777777774
13/08/23,0.32479166666666665
14/08/23,0.33993055555555557
15/08/23,0.33270833333333333
16/08/23,0.46812499999999996
17/08/23,0.5220138888888889
18/08/23,0.5820138888888889
19/08/23,0.4840972222222222
20/08/23,0.3586805555555555
21/08/23,0.3913194444444444
22/08/23,0.4086805555555555
23/08/23,0.38256944444444446
24/08/23,0.2984027777777778
25/08/23,0.33965277777777775
26/08/23,0.34354166666666663
27/08/23,0.25895833333333335
28/08/23,0.3849305555555555
29/08/23,0.37451388888888887
30/08/23,0.40062499999999995
31/08/23,0.43881944444444443
01/09/23,0.5811805555555556
02/09/23,0.31506944444444446
03/09/23,0.34861111111111115
04/09/23,0.5277777777777778
05/09/23,0.5608333333333334
06/09/23,0.5856944444444444
07/09/23,0.41729166666666667
08/09/23,0.2534722222222222
09/09/23,0.24249999999999997
10/09/23,0.14916666666666667
11/09/23,0.2911111111111111
12/09/23,0.2891666666666666
13/09/23,0.399375
14/09/23,0.5116666666666667
15/09/23,0.4329166666666666
16/09/23,0.32916666666666666
17/09/23,0.34791666666666665
18/09/23,0.37694444444444447
19/09/23,0.4639583333333333
20/09/23,0.43194444444444446
21/09/23,0.4313888888888889
22/09/23,0.32583333333333336
23/09/23,0.35638888888888887
24/09/23,0.32863247863247863
25/09/23,0.3178472222222222
26/09/23,0.22138888888888889
27/09/23,0.36111111111111116
28/09/23,0.3327777777777778
29/09/23,0.318309621
30/09/23,0.33979166666666666
01/10/23,0.233125
02/10/23,0.3794444444444444
03/10/23,0.41583333333333333
04/10/23,0.5837500000000001
05/10/23,0.49895833333333334
06/10/23,0.27791666666666665
07/10/23,0.30793055555555554
08/10/23,0.3030555555555555
09/10/23,0.5243055555555555
10/10/23,0.4197916666666666
11/10/23,0.3630555555555555
12/10/23,0.7452777777777778
13/10/23,0.6446527777777777
14/10/23,0.3695833333333333
15/10/23,0.25013888888888886
16/10/23,0.35083333333333333
17/10/23,0.43944444444444447
18/10/23,0.6641666666666667
19/10/23,0.4538194444444444
20/10/23,0.3486754742547426
21/10/23,0.48666666666666675
22/10/23,0.4445189701897019
23/10/23,0.5504166666666667
24/10/23,0.5313888888888889
25/10/23,0.6098488562091503
26/10/23,0.5538888888888889
27/10/23,0.4240277777777777
28/10/23,0.2565277777777778
29/10/23,0.3643055555555556
30/10/23,0.4155555555555555
31/10/23,0.46159722222222227
01/11/23,0.33944444444444444
02/11/23,0.3204166666666666
03/11/23,0.3932638888888889
04/11/23,0.2851388888888889
05/11/23,0.37930555555555556
06/11/23,0.5204861111111111
07/11/23,0.5670833333333333
08/11/23,0.5265277777777778
09/11/23,0.7040277777777778
10/11/23,0.7797222222222221
11/11/23,0.2688888888888889
12/11/23,0.2815972222222222
13/11/23,0.35861111111111116
14/11/23,0.31083333333333335
15/11/23,0.4769444444444444
16/11/23,0.8569444444444444
17/11/23,0.8247222222222222
18/11/23,0.5702083333333333
19/11/23,0.9225
20/11/23,0.9056944444444444
21/11/23,0.61875
22/11/23,0.5111111111111111
23/11/23,0.6548611111111111
24/11/23,1.0677083333333333
25/11/23,0.7865277777777778
26/11/23,0.6356944444444445
27/11/23,0.4879166666666667
28/11/23,0.4076388888888889
29/11/23,0.7926388888888889
30/11/23,0.6561805555555557
01/12/23,0.816
02/12/23,0.6765277777777777
03/12/23,0.4683333333333333
04/12/23,0.3875
05/12/23,0.47069444444444447
06/12/23,0.43062500000000004
07/12/23,0.5176388888888889
08/12/23,1.0631944444444443
09/12/23,0.9005555555555556
10/12/23,0.4031944444444444
11/12/23,0.7036111111111111
12/12/23,0.5440972222222222
13/12/23,0.748611111
14/12/23,0.5780555555555555
15/12/23,0.5190277777777778
16/12/23,0.43625
17/12/23,0.42083333333333334
18/12/23,0.6647916666666667
19/12/23,0.6301388888888889
20/12/23,0.916388889
21/12/23,0.7697222222222223
22/12/23,0.7804166666666666
23/12/23,0.8980555555555556
24/12/23,0.7086805555555555
25/12/23,0.6298611111111111
26/12/23,0.5493055555555556
27/12/23,0.6196388888888889
28/12/23,0.8038194444444445
29/12/23,0.6602777777777779
30/12/23,0.5584027777777778
31/12/23,0.6981944444444445
01/01/24,0.7326388888888888
02/01/24,0.7002777777777777
03/01/24,0.7555555555555556
04/01/24,0.5392238562091504
05/01/24,0.4409027777777778
06/01/24,0.49277777777777776
07/01/24,0.731388889
08/01/24,0.5370833333333334
09/01/24,0.7741666666666666
10/01/24,0.612638889
11/01/24,0.6454166666666666
12/01/24,1.2284722222222222
13/01/24,0.9429166666666667
14/01/24,0.846736111
15/01/24,1.0553472222222222
16/01/24,1.0393055555555557
17/01/24,0.928768116
18/01/24,0.9605555555555556
19/01/24,0.7662499999999999
20/01/24,0.26041666666666663
21/01/24,0.7384722222222222
22/01/24,0.6647058823529411
23/01/24,0.7653472222222222
24/01/24,0.7734722222222222
25/01/24,0.8315277777777778
26/01/24,0.7838888888888889
27/01/24,0.5823611111111111
28/01/24,0.4144097222222222
29/01/24,0.5227083333333333
30/01/24,0.7215277777777778
31/01/24,0.7555555555555555
01/02/24,0.8262499999999999
02/02/24,0.8719444444444445
03/02/24,0.45175252525252524
04/02/24,0.39951388888888895
05/02/24,0.3794444444444445
06/02/24,0.6970833333333334
07/02/24,0.901719697
08/02/24,1.0783333333333334
09/02/24,1.0591468253968255
10/02/24,0.5413194444444445
11/02/24,0.42055555555555557
12/02/24,0.5662309741248097
13/02/24,0.6869444444444444
14/02/24,0.7820138888888889
15/02/24,0.7185416666666665
16/02/24,0.5753472222222222
17/02/24,0.45576388888888886
18/02/24,0.5033333333333333
19/02/24,1.0665972222222222
20/02/24,0.8266666666666667
21/02/24,0.8497916666666666
22/02/24,1.0811805555555554
23/02/24,0.9336111111111111
24/02/24,0.5583333333333332
25/02/24,0.555
26/02/24,0.7186111111111111
27/02/24,0.8418055555555556
28/02/24,0.6946527777777778
29/02/24,0.5676388888888889
01/03/24,0.7798611111111112
02/03/24,0.6425
03/03/24,0.5204166666666666
04/03/24,0.6764583333333333
05/03/24,0.7786805555555555
06/03/24,0.9246527777777778
07/03/24,0.634861111
08/03/24,0.8452083333333333
09/03/24,0.6977777777777777
10/03/24,0.43197222222222226
11/03/24,0.6611805555555555
12/03/24,0.6276388888888889
13/03/24,0.6374305555555556
14/03/24,0.680763889
15/03/24,0.6623611111111112
16/03/24,0.5711805555555556
17/03/24,0.4058210784313725
18/03/24,0.44625
19/03/24,0.49430555555555555
20/03/24,0.5865277777777779
21/03/24,0.5164583333333334
22/03/24,0.5451388888888888
23/03/24,0.5322916666666666
24/03/24,0.38902777777777775
25/03/24,0.5867361111111111
26/03/24,0.7713888888888888
27/03/24,0.8851388888888888
28/03/24,0.35805555555555557
29/03/24,0.4335416666666667
30/03/24,0.5272222222222221
31/03/24,0.49361111111111117
01/04/24,0.4084722222222223
02/04/24,0.4352777777777777
03/04/24,0.43944444444444436
04/04/24,0.4127083333333334
05/04/24,0.5004861111111111
06/04/24,0.4013043478260869
07/04/24,0.32493055555555556
08/04/24,0.39152777777777775
09/04/24,0.37013888888888885
10/04/24,0.2963194444444444
11/04/24,0.3788888888888889
12/04/24,0.4386111111111111
13/04/24,0.3201388888888888
14/04/24,0.3358333333333334
15/04/24,0.6496944444444445
16/04/24,0.4354861111111111
17/04/24,0.39986111111111106
18/04/24,0.5191666666666667
19/04/24,0.5872222222222222
20/04/24,0.6541666666666668
21/04/24,0.4695833333333334
22/04/24,0.510625
23/04/24,0.6377083333333333
24/04/24,0.5344444444444445
25/04/24,0.47527777777777774
26/04/24,0.7123611111111111
27/04/24,0.5014236111111111
28/04/24,0.32340277777777776
29/04/24,0.6088888888888889
30/04/24,0.6223611111111111
01/05/24,0.30395833333333333
02/05/24,0.383125
03/05/24,0.7695833333333333
04/05/24,0.5496527777777778
05/05/24,0.5006160130718954
06/05/24,0.4797222222222222
07/05/24,0.41375
08/05/24,0.48763888888888896
09/05/24,0.4829166666666667
10/05/24,0.3975694444444444
11/05/24,0.33874999999999994
12/05/24,0.48347222222222225
13/05/24,0.5652777777777778
14/05/24,0.6355555555555555
15/05/24,0.5606944444444445
16/05/24,0.5725694444444445
17/05/24,0.5181944444444445
18/05/24,0.3984722222222223
19/05/24,0.3129166666666667
20/05/24,0.3848611111111111
21/05/24,0.39916666666666667
22/05/24,0.3884027777777778
23/05/24,0.5283333333333333
24/05/24,0.5005555555555555
25/05/24,0.4313888888888889
26/05/24,0.3804166666666667
27/05/24,0.4083333333333334
28/05/24,0.3415972222222223
29/05/24,0.33855065359477127
30/05/24,0.6408333333333333
31/05/24,0.5690277777777778
01/06/24,0.41820216049382714
02/06/24,0.40409722222222216
03/06/24,0.40395833333333336
04/06/24,0.43354166666666655
05/06/24,0.5052481995884773
06/06/24,0.4476388888888889
07/06/24,0.35423611111111114
08/06/24,0.3494949494949495
09/06/24,0.39548611111111115
10/06/24,0.40111111111111114
11/06/24,0.2762037037037037
12/06/24,0.24791666666666667
13/06/24,0.28694444444444445
14/06/24,0.2192361111111111
15/06/24,0.20479166666666668
16/06/24,0.15305555555555553
17/06/24,0.26499999999999996
18/06/24,0.2819444444444445
19/06/24,0.28430555555555553
20/06/24,0.46736111111111117
21/06/24,0.2623611111111111
22/06/24,0.25604166666666667
23/06/24,0.4175
24/06/24,0.5958333333333333
25/06/24,0.49597222222222226
26/06/24,0.5085416666666667
27/06/24,0.6579861111111112
28/06/24,0.8038888888888889
29/06/24,0.5806944444444445
30/06/24,0.21916666666666665
01/07/24,0.4444444444444444
02/07/24,0.3298611111111111
03/07/24,0.39548611111111104
04/07/24,0.5070833333333333
05/07/24,0.30694444444444446
06/07/24,0.2606944444444444
07/07/24,0.2708333333333333
08/07/24,0.3109677419354839
09/07/24,0.37840725806451614
10/07/24,0.3972222222222222
11/07/24,0.5208333333333334
12/07/24,0.4875
13/07/24,0.3347222222222222
14/07/24,0.3340277777777778
15/07/24,0.4879734848484849
16/07/24,0.6916666666666668
17/07/24,0.3736111111111111
18/07/24,0.3956944444444444
19/07/24,0.7291666666666666
20/07/24,0.38611111111111107
21/07/24,0.2821527777777778
22/07/24,0.6069444444444444
23/07/24,0.7083333333333334
24/07/24,0.6166666666666667
25/07/24,0.5194444444444445
26/07/24,0.533406433
27/07/24,0.6564583333333333
28/07/24,0.48055555555555557
29/07/24,0.27499999999999997
30/07/24,0.3763888888888889
31/07/24,0.4069444444444445
01/08/24,0.29680555555555554
02/08/24,0.3825694444444445
03/08/24,0.3396527777777778
04/08/24,0.26284722222222223
05/08/24,0.37625000000000003
06/08/24,0.39250000000000007
07/08/24,0.40986111111111106
08/08/24,0.3465972222222222
09/08/24,0.4148611111111111
10/08/24,0.3094444444444444
11/08/24,0.32680555555555557
12/08/24,0.42013888888888884
13/08/24,0.36250000000000004
14/08/24,0.3989583333333333
15/08/24,0.3952777777777778
16/08/24,0.39138888888888884
17/08/24,0.43236111111111114
18/08/24,0.2125
19/08/24,0.2729563492063492
20/08/24,0.263125
21/08/24,0.3440277777777778
22/08/24,0.35833333333333334
23/08/24,0.4072222222222222
24/08/24,0.4552777777777777
25/08/24,0.3234722222222222
26/08/24,0.33243055555555556
27/08/24,0.32534722222222223
28/08/24,0.40902777777777777
29/08/24,0.433125
30/08/24,0.40421296296296294
31/08/24,0.31833333333333336
01/09/24,0.32131944444444444
02/09/24,0.4718055555555556
03/09/24,0.5000555555555556
04/09/24,0.43099049707602344
05/09/24,0.32965277777777774
06/09/24,0.2517881944444444
07/09/24,0.2711805555555556
08/09/24,0.2140277777777778
09/09/24,0.6494444444444444
10/09/24,0.515
11/09/24,0.43902777777777785
12/09/24,0.6170833333333334
13/09/24,0.5470138888888889
14/09/24,0.4230555555555555
15/09/24,0.35613888888888884
16/09/24,0.4106944444444445
17/09/24,0.5043055555555556
18/09/24,0.4718055555555556
19/09/24,0.5796250000000001
20/09/24,0.45083333333333336
21/09/24,0.4059722222222222
22/09/24,0.20305555555555554
23/09/24,0.3211805555555556
24/09/24,0.4679166666666667
25/09/24,0.5071527777777778
26/09/24,0.6569444444444444
27/09/24,0.7413888888888889
28/09/24,0.7690277777777776
29/09/24,0.4018055555555555
30/09/24,0.37000000000000005
01/10/24,0.22006944444444443
02/10/24,0.28861111111111115
03/10/24,0.4218055555555556
04/10/24,0.4070833333333333
05/10/24,0.505
06/10/24,0.34958333333333336
07/10/24,0.38812500000000005
08/10/24,0.3680555555555556
09/10/24,0.3656944444444445
10/10/24,0.4106944444444445
11/10/24,0.3752777777777778
12/10/24,0.4673055555555556
13/10/24,0.27826388888888887
14/10/24,0.3872222222222222
15/10/24,0.5325
16/10/24,0.5509722222222222
17/10/24,0.2980555555555555
18/10/24,0.3894444444444444
19/10/24,0.2586805555555555
20/10/24,0.24111111111111114
21/10/24,0.42055555555555557
22/10/24,0.30611111111111117
23/10/24,0.3365972222222222
24/10/24,0.3070680894308943
25/10/24,0.3884027777777778
26/10/24,0.29708333333333337
27/10/24,0.2513888888888889
28/10/24,0.38805555555555554
29/10/24,0.47680555555555554
30/10/24,0.47500000000000003
31/10/24,0.41534722222222226
01/11/24,0.3293055555555556
02/11/24,0.2988888888888889
03/11/24,0.4620833333333334
04/11/24,0.4990277777777778
05/11/24,0.4798611111111111
06/11/24,0.4953472222222222
07/11/24,0.4642361111111111
08/11/24,0.5544444444444444
09/11/24,0.5083333333333334
10/11/24,0.4429166666666667
11/11/24,0.4756944444444444
12/11/24,0.47909722222222223
13/11/24,0.4597374661246613
14/11/24,0.3438888888888889
15/11/24,0.835
16/11/24,0.9766666666666667
17/11/24,0.7725
18/11/24,0.5449305555555556
19/11/24,0.8799999999999999
20/11/24,0.49000000000000005
21/11/24,0.4198611111111111
22/11/24,0.5888888888888889
23/11/24,0.74375
24/11/24,0.6304861111111112
25/11/24,0.7513888888888888
26/11/24,0.5681944444444444
27/11/24,1.0520833333333333
28/11/24,1.1802777777777778
29/11/24,0.8619444444444445
30/11/24,0.6372916666666667
01/12/24,0.5372222222222222
02/12/24,0.6430555555555556
03/12/24,0.4517133956386293
04/12/24,0.6893055555555555
05/12/24,0.625
06/12/24,0.4507638888888889
07/12/24,0.4109722222222223
08/12/24,0.5023611111111111
09/12/24,0.8155555555555555
10/12/24,0.7527777777777778
11/12/24,0.37625000000000003
12/12/24,0.7299305555555556
13/12/24,0.715
14/12/24,0.5477777777777778
15/12/24,0.39055555555555554
16/12/24,0.5779166666666666
17/12/24,0.41805555555555546
18/12/24,0.47951388888888885
19/12/24,0.28291666666666665
20/12/24,0.4330555555555556
21/12/24,0.3070833333333334
22/12/24,0.36319444444444443
23/12/24,0.8915277777777778
24/12/24,0.8007638888888889
25/12/24,0.6554166666666666
26/12/24,0.6227777777777778
27/12/24,0.8792007337526205
28/12/24,0.71125
29/12/24,0.4901388888888889
30/12/24,0.7200694444444444
31/12/24,0.6280555555555556
01/01/25,0.445
02/01/25,0.4234381551362683
03/01/25,0.4141666666666666
04/01/25,0.43722222222222223
05/01/25,0.4709027777777777
06/01/25,0.8337500000000001
07/01/25,0.8105555555555557
08/01/25,0.6351388888888889
09/01/25,0.606388889
10/01/25,0.32524691358024693
11/01/25,0.33451388888888883
12/01/25,0.4288888888888889
13/01/25,0.9293055555555555
14/01/25,0.9777777777777779
15/01/25,0.7184722222222222
16/01/25,0.8850000000000001
17/01/25,0.7810416666666667
18/01/25,0.6940277777777778
19/01/25,0.5966666666666666
20/01/25,0.5468055555555555
21/01/25,0.6644444444444445
22/01/25,0.8768055555555555
23/01/25,0.6004861111111112
24/01/25,0.47742117117117117
25/01/25,0.625
26/01/25,0.45319444444444446
27/01/25,0.8016666666666667
28/01/25,0.8297222222222222
29/01/25,0.6513194444444445
30/01/25,0.7980555555555555
31/01/25,0.6795833333333333
01/02/25,0.4279861111111111
02/02/25,0.5965277777777778
03/02/25,0.5106944444444445
04/02/25,0.5909027777777778
05/02/25,0.7238888888888889
06/02/25,0.6340277777777777
07/02/25,0.5479861111111112
08/02/25,0.4988888888888889
09/02/25,0.48291666666666666
10/02/25,0.7900694444444444
11/02/25,0.8177777777777777
12/02/25,0.49291666666666667
13/02/25,0.61
14/02/25,0.48666666666666664
15/02/25,0.5059722222222223
16/02/25,0.33243055555555556
17/02/25,0.43388888888888894
18/02/25,0.6494444444444444
19/02/25,0.5451388888888888
20/02/25,0.8252083333333333
21/02/25,0.5413888888888888
22/02/25,0.42743055555555554
23/02/25,0.5190277777777778
24/02/25,0.69375
25/02/25,0.6743055555555556
26/02/25,0.7087500000000001
27/02/25,0.545
28/02/25,0.5307638888888889
01/03/25,0.6868055555555556
02/03/25,0.56625
03/03/25,0.7428472222222222
04/03/25,0.6047222222222223
05/03/25,0.5661111111111111
06/03/25,0.6410416666666666
07/03/25,0.5676388888888889
08/03/25,0.4808333333333333
09/03/25,0.5245833333333334
10/03/25,0.6021527777777779
11/03/25,0.6425
12/03/25,0.6514583333333334
13/03/25,0.6093055555555557
14/03/25,0.3704861111111111
15/03/25,0.40458333333333335
16/03/25,0.4815277777777778
17/03/25,0.36000000000000004
18/03/25,0.6861805555555556
19/03/25,0.49125
20/03/25,0.2627777777777778
21/03/25,0.5401388888888888
22/03/25,0.6326388888888889
23/03/25,0.5555555555555556
24/03/25,0.49956290849673196
25/03/25,0.48666666666666664
26/03/25,0.686564327
27/03/25,0.5226023391812865
28/03/25,0.38576388888888885
29/03/25,0.5502777777777778
30/03/25,0.4310416666666667
31/03/25,0.7395833333333334
01/04/25,0.6308333333333334
02/04/25,0.5981944444444444
03/04/25,0.5118055555555556
04/04/25,0.41805555555555546
05/04/25,0.38048611111111114
06/04/25,0.3855555555555556
07/04/25,0.3444362745098039
08/04/25,0.464452614
09/04/25,0.4072222222222222
10/04/25,0.4110416666666667
11/04/25,0.409375
12/04/25,0.25722222222222224
13/04/25,0.3034722222222222
14/04/25,0.40166666666666667
15/04/25,0.3972222222222222
16/04/25,0.3833333333333333
17/04/25,0.43541666666666673
18/04/25,0.45166666666666666
19/04/25,0.39013888888888887
20/04/25,0.3241666666666667
21/04/25,0.40222222222222226
22/04/25,0.5149591503267974
23/04/25,0.4686011904761905
24/04/25,0.47305555555555556
25/04/25,0.43861111111111106
26/04/25,0.3719444444444444
27/04/25,0.24916666666666668
28/04/25,0.3597222222222222
29/04/25,0.4736805555555556
30/04/25,0.46875
01/05/25,0.4451388888888889
02/05/25,0.49333333333333335
03/05/25,0.33708333333333335
04/05/25,0.4479166666666667
05/05/25,0.4017361111111111
06/05/25,0.45798611111111115
07/05/25,0.4858333333333333
08/05/25,0.6540277777777778
09/05/25,0.7244444444444444
10/05/25,0.3213888888888889
11/05/25,0.49145833333333333
12/05/25,0.5404166666666667
13/05/25,0.6
14/05/25,0.6230555555555556
15/05/25,0.4920833333333334
16/05/25,0.5208333333333334
17/05/25,0.4111805555555556
18/05/25,0.4168055555555556
19/05/25,0.5272222222222223
20/05/25,0.5078472222222222
21/05/25,0.36923611111111115
22/05/25,0.2969444444444444
23/05/25,0.3592361111111111
24/05/25,0.33125
25/05/25,0.3031944444444445
26/05/25,0.4984722222222222
27/05/25,0.4847916666666667
28/05/25,0.4115972222222222
29/05/25,0.4386805555555555
30/05/25,0.5847222222222221
31/05/25,0.5059722222222223
01/06/25,0.4718055555555556
02/06/25,0.5200694444444444
03/06/25,0.6481290849673202
04/06/25,0.4095138888888889
05/06/25,0.2613888888888889
06/06/25,0.29986111111111113
07/06/25,0.28625
08/06/25,0.3420833333333333
09/06/25,0.4136111111111111
10/06/25,0.3628819444444445
11/06/25,0.36982638888888886
12/06/25,0.5511111111111111
13/06/25,0.5220833333333333
14/06/25,0.33222222222222225
15/06/25,0.40597222222222223
16/06/25,0.5196527777777779
17/06/25,0.5761111111111111
18/06/25,0.3859722222222222
19/06/25,0.37881944444444443
20/06/25,0.3184722222222222
21/06/25,0.32263888888888886
22/06/25,0.523125
23/06/25,0.5204166666666667
24/06/25,0.5429166666666667
25/06/25,0.4369444444444444
26/06/25,0.5275000000000001
27/06/25,0.5134722222222222
28/06/25,0.31326388888888895
29/06/25,0.2708333333333333
30/06/25,0.47500000000000003
01/07/25,0.36131944444444447
02/07/25,0.3261111111111111
03/07/25,0.39166666666666666
04/07/25,0.4848710317460318
05/07/25,0.4680555555555556
06/07/25,0.48666666666666664
07/07/25,0.5343055555555556
08/07/25,0.3536111111111111
09/07/25,0.36874999999999997
10/07/25,0.5370138888888889
11/07/25,0.5484722222222222
12/07/25,0.6490277777777779
13/07/25,0.3277777777777777
14/07/25,0.38611111111111107
15/07/25,0.4828472222222222
16/07/25,0.4395138888888888
17/07/25,0.5225000000000001
18/07/25,0.43013888888888885
19/07/25,0.4966666666666666
20/07/25,0.3070833333333334
21/07/25,0.46347222222222223
22/07/25,0.35270833333333335
23/07/25,0.2652083333333333
24/07/25,0.2992612293144208
25/07/25,0.46611111111111114
26/07/25,0.4247222222222222
27/07/25,0.2773611111111111
28/07/25,0.3392361111111111
29/07/25,0.29291666666666666
30/07/25,0.32402777777777775
31/07/25,0.4295833333333334
01/08/25,0.47347222222222224
02/08/25,0.4070833333333333
03/08/25,0.33340277777777777
04/08/25,0.40791666666666665
05/08/25,0.3329166666666667
06/08/25,0.3552777777777778
07/08/25,0.43444444444444447
08/08/25,0.4580555555555556
09/08/25,0.5165972222222223
10/08/25,0.42194444444444446
11/08/25,0.5688888888888889
12/08/25,0.49476654846335694
13/08/25,0.5733333333333333
14/08/25,0.5277777777777778
15/08/25,0.5163194444444446
16/08/25,0.4604166666666667
17/08/25,0.2398611111111111
18/08/25,0.37749999999999995
19/08/25,0.4306944444444445
20/08/25,0.28852777777777777
21/08/25,0.506736111
22/08/25,0.4681944444444445
23/08/25,0.5225000000000001
24/08/25,0.31986111111111115
25/08/25,0.36909722222222224
26/08/25,0.3588044294294294
27/08/25,0.49933746246246247
28/08/25,0.47888888888888886
29/08/25,0.39520833333333333
30/08/25,0.42250000000000004
31/08/25,0.2611111111111111
01/09/25,0.3833333333333333
02/09/25,0.5489583333333333
03/09/25,0.6644444444444445
04/09/25,0.7228472222222223
05/09/25,0.6394444444444445
06/09/25,0.49805555555555553
07/09/25,0.34125
08/09/25,0.42451388888888886
09/09/25,0.5195833333333333
10/09/25,0.4548611111111111
11/09/25,0.3526388888888889
12/09/25,0.4376388888888889
13/09/25,0.5431944444444444
14/09/25,0.39618055555555554
15/09/25,0.40791666666666665
16/09/25,0.19409722222222223
17/09/25,0.41611111111111115
18/09/25,0.38097222222222227
19/09/25,0.33708333333333335
20/09/25,0.24465277777777775
21/09/25,0.3047222222222222
22/09/25,0.41993055555555553
23/09/25,0.32651388888888894
24/09/25,0.3741111111111111
25/09/25,0.5202777777777777
26/09/25,0.8704861111111111
27/09/25,0.5280555555555556
28/09/25,0.3544444444444444
29/09/25,0.4611111111111111
30/09/25,0.3652777777777778
01/10/25,0.41583333333333333
02/10/25,0.35377314814814814
03/10/25,0.27125
04/10/25,0.5790277777777778
05/10/25,0.6449999999999999
06/10/25,0.6472222222222221
07/10/25,0.38847222222222216
08/10/25,0.424375
09/10/25,0.5272569444444445
10/10/25,0.5342361111111111
11/10/25,0.35555555555555557
12/10/25,0.40652777777777777
13/10/25,0.5308333333333334
14/10/25,0.3498611111111111
15/10/25,0.35555555555555557
16/10/25,0.6209027777777778
17/10/25,0.6797222222222222
18/10/25,0.7629166666666666
19/10/25,0.5058333333333334
20/10/25,0.3903472222222222
21/10/25,0.5127083333333333
22/10/25,0.3877083333333333
23/10/25,0.4790972222222223
24/10/25,0.5461805555555556
25/10/25,0.5865972222222222
26/10/25,0.4979861111111111
27/10/25,0.5579861111111111
28/10/25,0.6011805555555556
29/10/25,0.3946527777777778
30/10/25,0.6463888888888888
31/10/25,0.8015277777777778
01/11/25,0.6554861111111111
02/11/25,0.48486111111111113
03/11/25,0.4350396825396825
04/11/25,0.5661111111111111
05/11/25,0.5468838824289405
06/11/25,0.6045833333333334
07/11/25,0.7950694444444445
08/11/25,0.7791666666666667
09/11/25,0.6181944444444445
10/11/25,0.4169444444444445
11/11/25,0.5965277777777779
12/11/25,0.7473611111111111
13/11/25,0.5913194444444445
14/11/25,0.8291666666666666
15/11/25,0.8531944444444445
16/11/25,0.86
17/11/25,0.8722222222222221
18/11/25,0.8979166666666667
19/11/25,0.706875
20/11/25,0.852361111
21/11/25,0.6981944444444445
22/11/25,0.5261111111111111
23/11/25,0.45180555555555557
24/11/25,0.6751388888888888
25/11/25,0.5872916666666667
26/11/25,0.6084722222222222
27/11/25,0.37166666666666665
28/11/25,0.48680555555555555
29/11/25,0.7551388888888888
30/11/25,0.6725
01/12/25,0.7054861111111111
02/12/25,0.7813888888888889
03/12/25,0.8174999999999999
04/12/25,0.8790883397932817
05/12/25,0.8326388888888888
06/12/25,0.9770833333333334
07/12/25,0.5879861111111112
08/12/25,0.48625000000000007
09/12/25,0.7976388888888889
10/12/25,0.7893055555555555
11/12/25,0.6883333333333334
12/12/25,0.9529166666666667
13/12/25,0.745625
14/12/25,0.48708333333333337
15/12/25,0.42027777777777775
16/12/25,0.8811111111111112
17/12/25,1.1077777777777778
18/12/25,1.281388888888889
19/12/25,0.7921527777777778
20/12/25,0.8861111111111111
21/12/25,0.7490277777777777
22/12/25,0.555
23/12/25,0.5419444444444445
24/12/25,0.6798611111111111
25/12/25,0.44881944444444444
26/12/25,0.5655555555555556
27/12/25,0.89875
28/12/25,0.8968055555555555
29/12/25,0.5456944444444445
30/12/25,0.4519444444444444
31/12/25,0.7611805555555556