fecha,NO2_promedio
01/01/20,17.175
02/01/20,13.491666666666665
03/01/20,26.05
04/01/20,26.441666666666663
05/01/20,29.2
06/01/20,44.06666666666667
07/01/20,27.266666666666662
08/01/20,33.825
09/01/20,37.55833333333333
10/01/20,30.775000000000006
11/01/20,28.60833333333333
12/01/20,26.40833333333333
13/01/20,29.583333333333332
14/01/20,26.25
15/01/20,25.116666666666667
16/01/20,20.583333333333332
17/01/20,23.591666666666665
18/01/20,23.874999999999996
19/01/20,16.608333333333334
20/01/20,20.166666666666664
21/01/20,24.75
22/01/20,28.125
23/01/20,23.883333333333333
24/01/20,24.283333333333335
25/01/20,20.40833333333333
26/01/20,20.616666666666667
27/01/20,22.991666666666667
28/01/20,29.6
29/01/20,26.25
30/01/20,21.029166666666665
31/01/20,20.633333333333333
01/02/20,22.8
02/02/20,27.725
03/02/20,15.55
04/02/20,16.996666666666666
05/02/20,15.666666666666666
06/02/20,17.633333333333333
07/02/20,30.875
08/02/20,28.26666666666667
09/02/20,24.72318841
10/02/20,26.493478260869562
11/02/20,28.375
12/02/20,23.708333333333336
13/02/20,25.494999999999997
14/02/20,29.625
15/02/20,27.370833333333337
16/02/20,21.083333333333336
17/02/20,27.05
18/02/20,31.258333333333333
19/02/20,31.34166666666667
20/02/20,24.98333333333333
21/02/20,17.468939393939394
22/02/20,24.416666666666664
23/02/20,25.916666666666668
24/02/20,25.466666666666665
25/02/20,22.808970276008495
26/02/20,25.925
27/02/20,28.583333333333332
28/02/20,26.770833333333332
29/02/20,31.758333333333336
01/03/20,29.15833333333333
02/03/20,25.445588235294117
03/03/20,23.775
04/03/20,25.383333333333333
05/03/20,28.75
06/03/20,26.333333333333332
07/03/20,25.816666666666663
08/03/20,22.991666666666667
09/03/20,25.766666666666662
10/03/20,25.208333333333336
11/03/20,30.733333333333338
12/03/20,30.35833333333333
13/03/20,24.741666666666667
14/03/20,22.075
15/03/20,17.78333333333333
16/03/20,17.891666666666666
17/03/20,25.78333333333333
18/03/20,29.325
19/03/20,25.73333333333333
20/03/20,20.65
21/03/20,15.875
22/03/20,17.083333333333332
23/03/20,24.916666666666664
24/03/20,27.516666666666662
25/03/20,25.5
26/03/20,26.03125
27/03/20,26.383333333333333
28/03/20,20.966666666666665
29/03/20,13.949310344827586
30/03/20,19.325
31/03/20,19.183333333333334
01/04/20,20.15
02/04/20,20.03333333333333
03/04/20,21.675689655172413
04/04/20,18.670833333333334
05/04/20,14.825
06/04/20,19.541666666666664
07/04/20,19.333333333333336
08/04/20,20.041666666666664
09/04/20,20.991666666666667
10/04/20,14.991666666666669
11/04/20,13.508333333333335
12/04/20,10.450000000000001
13/04/20,18.503921568627455
14/04/20,20.47058823529412
15/04/20,21.017156862745097
16/04/20,19.2
17/04/20,20.316666666666663
18/04/20,21.983333333333334
19/04/20,16.53333333333333
20/04/20,17.291666666666664
21/04/20,18.408333333333335
22/04/20,19.191666666666666
23/04/20,20.891666666666666
24/04/20,19.75
25/04/20,19.80833333333333
26/04/20,9.441666666666666
27/04/20,13.2
28/04/20,20.616666666666664
29/04/20,17.85833333333333
30/04/20,15.483333333333334
01/05/20,17.525
02/05/20,16.816666666666666
03/05/20,13.808333333333334
04/05/20,17.866666666666667
05/05/20,15.691666666666666
06/05/20,15.885380116959066
07/05/20,17.875000000000004
08/05/20,18.95
09/05/20,15.920833333333334
10/05/20,12.2
11/05/20,17.15833333333333
12/05/20,18.539583333333333
13/05/20,18.866666666666667
14/05/20,19.26666666666667
15/05/20,20.708333333333336
16/05/20,14.066666666666668
17/05/20,12.1
18/05/20,15.825
19/05/20,18.758333333333333
20/05/20,21.09166666666667
21/05/20,25.916666666666668
22/05/20,24.133333333333333
23/05/20,20.175000000000004
24/05/20,14.85
25/05/20,19.2
26/05/20,20.966666666666665
27/05/20,20.333333333333336
28/05/20,21.691666666666666
29/05/20,17.583333333333336
30/05/20,13.55
31/05/20,13.958333333333332
01/06/20,14.075
02/06/20,13.220833333333335
03/06/20,9.8375
04/06/20,11.775000000000002
05/06/20,12.249999999999998
06/06/20,13.904166666666669
07/06/20,10.783333333333333
08/06/20,15.083333333333332
09/06/20,22.425
10/06/20,16.18333333333333
11/06/20,12.087499999999999
12/06/20,11.483333333333333
13/06/20,11.816666666666666
14/06/20,11.625
15/06/20,14.408333333333331
16/06/20,16.35833333333333
17/06/20,16.058333333333334
18/06/20,15.983333333333334
19/06/20,13.608333333333334
20/06/20,13.75
21/06/20,15.483333333333334
22/06/20,21.783333333333335
23/06/20,19.120833333333334
24/06/20,20.641666666666666
25/06/20,16.544517543859648
26/06/20,15.083333333333332
27/06/20,14.10833333333333
28/06/20,13.108333333333334
29/06/20,17.158333333333335
30/06/20,18.608333333333334
01/07/20,15.791666666666666
02/07/20,15.35
03/07/20,13.625
04/07/20,14.033333333333331
05/07/20,14.716666666666669
06/07/20,19.65
07/07/20,17.03333333333333
08/07/20,15.55
09/07/20,21.041666666666664
10/07/20,19.916666666666664
11/07/20,12.370833333333334
12/07/20,13.233333333333334
13/07/20,17.516343738787224
14/07/20,19.541666666666664
15/07/20,17.924999999999997
16/07/20,16.53333333333333
17/07/20,16.078787878787878
18/07/20,17.92083333333333
19/07/20,16.054166666666667
20/07/20,20.492045454545455
21/07/20,17.616666666666667
22/07/20,17.841666666666665
23/07/20,18.19722222222222
24/07/20,18.383333333333333
25/07/20,17.424999999999997
26/07/20,17.6
27/07/20,17.541666666666664
28/07/20,14.966666666666665
29/07/20,20.60833333333333
30/07/20,20.35
31/07/20,18.775
01/08/20,21.041666666666664
02/08/20,14.258333333333335
03/08/20,20.625
04/08/20,20.05
05/08/20,16.287121212121214
06/08/20,16.21666666666667
07/08/20,13.875
08/08/20,13.633333333333335
09/08/20,16
10/08/20,19.145175438596493
11/08/20,17.578333333333333
12/08/20,16.599999999999998
13/08/20,17.791666666666664
14/08/20,21.14108357628766
15/08/20,19.46666666666666
16/08/20,16.30833333333333
17/08/20,20.312499999999996
18/08/20,18.666666666666664
19/08/20,20.016666666666662
20/08/20,18.80865626121277
21/08/20,18.508333333333333
22/08/20,16.85833333333333
23/08/20,14.033333333333335
24/08/20,17.083333333333336
25/08/20,15.725
26/08/20,16.625
27/08/20,17.624999999999996
28/08/20,22.366666666666667
29/08/20,19.8
30/08/20,14.366666666666669
31/08/20,18.383333333333333
01/09/20,18.616666666666667
02/09/20,18.75
03/09/20,16.425
04/09/20,15.1
05/09/20,16.408333333333335
06/09/20,13.05
07/09/20,17.349999999999998
08/09/20,19.466666666666665
09/09/20,20.35833333333333
10/09/20,19.479166666666664
11/09/20,16.183916423712343
12/09/20,15.783333333333335
13/09/20,11.975
14/09/20,17.05
15/09/20,17.56666666666667
16/09/20,13.26666666666667
17/09/20,15.225
18/09/20,16.875
19/09/20,17.15
20/09/20,16.4
21/09/20,23.275000000000002
22/09/20,22.64967948717949
23/09/20,21.212500000000002
24/09/20,23.3125
25/09/20,25.33579812206573
26/09/20,21.4625
27/09/20,16.60833333333333
28/09/20,16.141666666666666
29/09/20,17.697222222222223
30/09/20,24.208646322378716
01/10/20,22.716666666666665
02/10/20,17.708333333333336
03/10/20,14.975
04/10/20,12.700000000000001
05/10/20,17.125
06/10/20,21.2375
07/10/20,28.266666666666662
08/10/20,27.241666666666667
09/10/20,23.083333333333336
10/10/20,19.1
11/10/20,16.80833333333333
12/10/20,23
13/10/20,16.8
14/10/20,16.900000000000002
15/10/20,16.908333333333335
16/10/20,16.575
17/10/20,14.958333333333334
18/10/20,18.71666666666667
19/10/20,17.225
20/10/20,16.2875
21/10/20,17.833333333333336
22/10/20,23.122916666666665
23/10/20,24.85
24/10/20,21.25
25/10/20,18.191666666666666
26/10/20,31.71666666666666
27/10/20,31.975
28/10/20,28.75
29/10/20,26.883333333333333
30/10/20,19.0125
31/10/20,25.35833333333333
01/11/20,13.966666666666669
02/11/20,9.416666666666668
03/11/20,19.675
04/11/20,22.425
05/11/20,21.491666666666667
06/11/20,28.59166666666666
07/11/20,27.56666666666667
08/11/20,26.133333333333336
09/11/20,31.35
10/11/20,33.45
11/11/20,35.45
12/11/20,32.54166666666667
13/11/20,32.8
14/11/20,33.358333333333334
15/11/20,18.591666666666665
16/11/20,10.533333333333331
17/11/20,14.295833333333334
18/11/20,18.566666666666666
19/11/20,20.383333333333333
20/11/20,22.326899509803923
21/11/20,15.633333333333335
22/11/20,15.5625
23/11/20,23.575
24/11/20,34.0375
25/11/20,31.4375
26/11/20,31.25
27/11/20,31.78333333333333
28/11/20,35.1
29/11/20,30.679166666666667
30/11/20,25.95
01/12/20,29.225
02/12/20,24.15
03/12/20,25.508166666666668
04/12/20,26.833333333333332
05/12/20,22.075
06/12/20,20.016666666666666
07/12/20,26.09166666666667
08/12/20,27.383333333333336
09/12/20,28.6
10/12/20,33.02916666666667
11/12/20,33.63333333333333
12/12/20,28.21666666666666
13/12/20,22.491666666666667
14/12/20,24.483333333333334
15/12/20,26.8
16/12/20,28.6
17/12/20,29.308333333333337
18/12/20,33.54166666666667
19/12/20,28.01666666666667
20/12/20,22.825
21/12/20,29.21666666666667
22/12/20,33.65833333333333
23/12/20,38.76979166666666
24/12/20,34.68020833333334
25/12/20,18.975
26/12/20,24.233333333333334
27/12/20,23.7
28/12/20,32.9
29/12/20,41.14999999999999
30/12/20,26.4125
31/12/20,14.95
01/01/21,20.725
02/01/21,30.14166666666667
03/01/21,26.55833333333333
04/01/21,34.983333333333334
05/01/21,33.35
06/01/21,30.024999999999995
07/01/21,27.4
08/01/21,26.25
09/01/21,24.466666666666665
10/01/21,17.470833333333335
11/01/21,21.950000000000003
12/01/21,22.35
13/01/21,30.991666666666667
14/01/21,24.716666666666665
15/01/21,33.38333333333334
16/01/21,27.508333333333336
17/01/21,18.775
18/01/21,29.3375
19/01/21,27.50625
20/01/21,23.141666666666666
21/01/21,27.340909090909086
22/01/21,28.88409090909091
23/01/21,32.94166666666667
24/01/21,30.008333333333333
25/01/21,27.3125
26/01/21,27.375
27/01/21,25.94166666666667
28/01/21,15.808333333333332
29/01/21,27.51666666666667
30/01/21,32.94166666666666
31/01/21,19.948333333333334
01/02/21,14.991666666666665
02/02/21,27.65833333333333
03/02/21,30.40833333333333
04/02/21,38.27083333333333
05/02/21,37.49883720930232
06/02/21,26.286842105263155
07/02/21,20.24583333333333
08/02/21,24.98333333333333
09/02/21,24.55833333333333
10/02/21,29.616666666666667
11/02/21,21.504166666666666
12/02/21,17.566666666666666
13/02/21,16.84583333333333
14/02/21,17.416666666666664
15/02/21,21.366666666666667
16/02/21,21.866666666666664
17/02/21,23.20949612403101
18/02/21,35.25
19/02/21,32.637499999999996
20/02/21,31.416666666666668
21/02/21,27.633333333333333
22/02/21,29.866666666666667
23/02/21,27.7
24/02/21,27.275
25/02/21,27.633333333333333
26/02/21,34.55833333333333
27/02/21,29.141666666666662
28/02/21,25.416666666666668
01/03/21,27.85
02/03/21,21.166666666666668
03/03/21,25.116666666666667
04/03/21,29.325
05/03/21,30.18333333333333
06/03/21,20.133333333333333
07/03/21,23.429166666666667
08/03/21,25.6375
09/03/21,23.991666666666667
10/03/21,27.55833333333333
11/03/21,28.125
12/03/21,28.233333333333338
13/03/21,26.34166666666666
14/03/21,21.681666666666665
15/03/21,23.34166666666667
16/03/21,24.999999999999996
17/03/21,24.316666666666666
18/03/21,20.258333333333333
19/03/21,26.64166666666667
20/03/21,27.6
21/03/21,21.1
22/03/21,23.941666666666666
23/03/21,22.46666666666667
24/03/21,23.604166666666664
25/03/21,26.733333333333338
26/03/21,28.896245421245418
27/03/21,26.825
28/03/21,20.041666666666664
29/03/21,16.85833333333333
30/03/21,23.06208791208791
31/03/21,24.78333333333333
01/04/21,9.104166666666668
02/04/21,10.833333333333332
03/04/21,15.591666666666669
04/04/21,18.775
05/04/21,26.25
06/04/21,23.45
07/04/21,26.46666666666667
08/04/21,25.01666666666667
09/04/21,27.48333333333333
10/04/21,27.233333333333338
11/04/21,23.404166666666665
12/04/21,25.0125
13/04/21,27.525
14/04/21,24.675
15/04/21,25.833333333333332
16/04/21,29
17/04/21,27.53333333333333
18/04/21,19.675
19/04/21,24.24
20/04/21,24.887500000000003
21/04/21,27.633333333333336
22/04/21,26.233333333333338
23/04/21,28.491666666666667
24/04/21,26.2625
25/04/21,16.336666666666666
26/04/21,24.608333333333334
27/04/21,28.64166666666667
28/04/21,23.7875
29/04/21,28.770833333333332
30/04/21,30.25
01/05/21,18.5
02/05/21,17.34166666666667
03/05/21,20.85833333333333
04/05/21,21.8125
05/05/21,18.683333333333334
06/05/21,17.108333333333334
07/05/21,15.1
08/05/21,19.841666666666665
09/05/21,19.916666666666664
10/05/21,18.3
11/05/21,21.90193548387097
12/05/21,21.941666666666666
13/05/21,17.26833333333333
14/05/21,18.125
15/05/21,20.75
16/05/21,18.0125
17/05/21,22.381397849462363
18/05/21,28.866666666666664
19/05/21,24.922222222222224
20/05/21,23.491666666666667
21/05/21,21.9
22/05/21,18.55833333333333
23/05/21,13.85
24/05/21,17.125
25/05/21,19.788333333333334
26/05/21,19.741666666666667
27/05/21,19.633333333333333
28/05/21,23.383333333333333
29/05/21,17.599999999999998
30/05/21,15.116666666666669
31/05/21,17.766666666666666
01/06/21,18.89166666666667
02/06/21,20.20032894736842
03/06/21,23.55
04/06/21,28.383333333333333
05/06/21,25.058333333333334
06/06/21,20.79090909090909
07/06/21,22.398809523809526
08/06/21,26.14967105263158
09/06/21,22.266666666666666
10/06/21,17
11/06/21,21.691666666666666
12/06/21,18.921666666666663
13/06/21,17.675
14/06/21,14.65
15/06/21,12.408333333333335
16/06/21,12.991666666666669
17/06/21,14.066666666666668
18/06/21,18.266481481481485
19/06/21,11.20277777777778
20/06/21,13.60833333333333
21/06/21,20.2
22/06/21,23.666666666666664
23/06/21,22.141666666666666
24/06/21,21.284999999999997
25/06/21,20.874999999999996
26/06/21,13.629166666666666
27/06/21,12.933333333333332
28/06/21,16.475
29/06/21,21.24032051282051
30/06/21,21.656249999999996
01/07/21,21.204166666666666
02/07/21,21.28333333333333
03/07/21,19.941666666666666
04/07/21,21.029166666666665
05/07/21,24.645833333333336
06/07/21,28.5375
07/07/21,27.32916666666667
08/07/21,24.887499999999996
09/07/21,17.6375
10/07/21,20.0875
11/07/21,14.9125
12/07/21,17.954166666666666
13/07/21,22.525
14/07/21,18.616666666666667
15/07/21,21.112499999999997
16/07/21,19.695833333333333
17/07/21,18.104166666666664
18/07/21,14.985833333333336
19/07/21,17.9375
20/07/21,21.422179487179484
21/07/21,18.416666666666668
22/07/21,20.025
23/07/21,18.39166666666667
24/07/21,17.884999999999998
25/07/21,19.1030303
26/07/21,22.475
27/07/21,21.579166666666666
28/07/21,17.416666666666664
29/07/21,14.425
30/07/21,16.076190476190476
31/07/21,19.841666666666665
01/08/21,18.833333333333332
02/08/21,20.466666666666665
03/08/21,21.4625
04/08/21,19.983333333333334
05/08/21,16.59166666666667
06/08/21,18.366666666666667
07/08/21,15.866666666666665
08/08/21,17.166666666666664
09/08/21,21.750000000000004
10/08/21,15.45
11/08/21,18.604166666666664
12/08/21,20.862500000000004
13/08/21,23.133333333333333
14/08/21,16.875
15/08/21,10.374999999999998
16/08/21,14.3875
17/08/21,21.84166666666667
18/08/21,19.475
19/08/21,14.1
20/08/21,14.416666666666666
21/08/21,14.991666666666669
22/08/21,12.325000000000001
23/08/21,15.375
24/08/21,15.983333333333334
25/08/21,11.833333333333332
26/08/21,13.85833333333333
27/08/21,19.716666666666665
28/08/21,13.2375
29/08/21,16.925000000000004
30/08/21,22.833333333333332
31/08/21,21.541666666666668
01/09/21,27.508333333333336
02/09/21,25.416666666666664
03/09/21,25.84166666666667
04/09/21,17.825
05/09/21,15.216666666666669
06/09/21,22.5
07/09/21,25.68333333333333
08/09/21,21.76666666666667
09/09/21,15.783333333333335
10/09/21,16.033333333333335
11/09/21,14.783333333333331
12/09/21,12.421969696969697
13/09/21,15.232196969696968
14/09/21,15.033333333333331
15/09/21,20.458333333333336
16/09/21,19.016666666666666
17/09/21,22.675
18/09/21,16.89166666666667
19/09/21,15.283333333333335
20/09/21,23.125
21/09/21,19.991666666666667
22/09/21,14.108333333333334
23/09/21,18.75
24/09/21,19.216666666666665
25/09/21,17.716666666666665
26/09/21,14.333333333333334
27/09/21,22.841666666666665
28/09/21,24.98333333333333
29/09/21,23.475
30/09/21,27.1
01/10/21,27.25
02/10/21,21.12166666666667
03/10/21,13.419999999999998
04/10/21,14.425
05/10/21,15.983333333333334
06/10/21,20.291666666666668
07/10/21,19.75
08/10/21,20.36756666666667
09/10/21,17.291666666666664
10/10/21,19.233333333333334
11/10/21,21.52916666666666
12/10/21,24.104838709677416
13/10/21,25.675
14/10/21,21.475
15/10/21,20.29583333333333
16/10/21,14.25
17/10/21,14.85
18/10/21,19.933333333333334
19/10/21,22.887499999999996
20/10/21,22.041666666666664
21/10/21,16.525
22/10/21,17.594298245614034
23/10/21,20.741666666666667
24/10/21,17.933333333333334
25/10/21,20.833333333333336
26/10/21,20.841666666666665
27/10/21,19.616666666666667
28/10/21,25.305
29/10/21,27.19761904761905
30/10/21,29.44166666666667
31/10/21,24.683333333333334
01/11/21,26.057424242424247
02/11/21,21.514102564102565
03/11/21,27.75
04/11/21,27.31666666666667
05/11/21,26.25
06/11/21,22.583333333333332
07/11/21,18.974999999999998
08/11/21,24.833333333333336
09/11/21,29.133333333333336
10/11/21,29.60833333333333
11/11/21,26.31139455782313
12/11/21,23.43333333333333
13/11/21,18.1
14/11/21,18.079166666666666
15/11/21,19.5
16/11/21,31.258333333333336
17/11/21,34.584242424242426
18/11/21,30.4
19/11/21,19.958333333333336
20/11/21,21.308333333333334
21/11/21,19.208333333333336
22/11/21,18.066666666666666
23/11/21,21.525
24/11/21,27.76666666666667
25/11/21,26.625
26/11/21,20.724999999999998
27/11/21,31.30833333333333
28/11/21,22.97760683760684
29/11/21,25.85
30/11/21,30.291666666666668
01/12/21,24.791666666666664
02/12/21,22.591666666666665
03/12/21,30.68333333333333
04/12/21,26.19166666666667
05/12/21,27.7875
06/12/21,38.454166666666666
07/12/21,36.1625
08/12/21,43.983333333333334
09/12/21,47.63645833333334
10/12/21,45.266666666666666
11/12/21,34.81666666666666
12/12/21,21.6
13/12/21,26.65
14/12/21,29.133333333333333
15/12/21,35.550000000000004
16/12/21,37.88333333333334
17/12/21,37.295833333333334
18/12/21,36.425
19/12/21,27.541666666666664
20/12/21,33.641666666666666
21/12/21,33.738480392156866
22/12/21,38.099999999999994
23/12/21,40.833333333333336
24/12/21,35.854166666666664
25/12/21,23.674999999999997
26/12/21,29.8
27/12/21,41.158333333333324
28/12/21,34.05833333333333
29/12/21,33.1125
30/12/21,42.31666666666667
31/12/21,41.12500000000001
01/01/22,30.325000000000006
02/01/22,20.994696969696967
03/01/22,29.491666666666667
04/01/22,41.69166666666667
05/01/22,43.94166666666667
06/01/22,38.7375
07/01/22,33.15833333333334
08/01/22,28.508333333333333
09/01/22,22.758333333333333
10/01/22,18.15833333333333
11/01/22,18.65833333333333
12/01/22,28.366666666666667
13/01/22,29
14/01/22,33.983333333333334
15/01/22,28.625
16/01/22,25.65
17/01/22,25.05833333333333
18/01/22,31.787499999999994
19/01/22,32.175
20/01/22,28.02916666666666
21/01/22,23.4875
22/01/22,22.583333333333332
23/01/22,24.049999999999997
24/01/22,21.691666666666666
25/01/22,20.2
26/01/22,26.668886462882096
27/01/22,25.8625
28/01/22,24.329166666666666
29/01/22,22.7625
30/01/22,23.637499999999996
31/01/22,18.820833333333333
01/02/22,19.520833333333332
02/02/22,23.09583333333333
03/02/22,22.0625
04/02/22,22.910280203784573
05/02/22,29.525
06/02/22,25.308333333333334
07/02/22,24.99833333333333
08/02/22,26.416666666666664
09/02/22,24.46666666666666
10/02/22,23.104166666666668
11/02/22,21.200000000000003
12/02/22,24.05833333333333
13/02/22,16.806666666666665
14/02/22,28.93333333333333
15/02/22,26.633333333333333
16/02/22,23.996014492753623
17/02/22,28.04583333333333
18/02/22,29.70011682242991
19/02/22,26.12083333333333
20/02/22,24.929166666666667
21/02/22,28.099818840579708
22/02/22,31.354049844236762
23/02/22,28.677941176470586
24/02/22,29.759558823529414
25/02/22,27.727272727272727
26/02/22,22.95625
27/02/22,19.89375
28/02/22,25.291666666666668
01/03/22,29.375
02/03/22,30.55
03/03/22,30.66071428571429
04/03/22,25.833333333333332
05/03/22,26.445833333333336
06/03/22,24.34166666666667
07/03/22,23.316666666666666
08/03/22,20.30833333333333
09/03/22,21.13083891784562
10/03/22,21.375
11/03/22,24.175
12/03/22,21.03333333333333
13/03/22,26.258333333333333
14/03/22,28.89166666666667
15/03/22,27.85
16/03/22,31.81666666666667
17/03/22,25.608333333333338
18/03/22,23.000000000000004
19/03/22,21.891666666666666
20/03/22,19.69629221732746
21/03/22,17.55
22/03/22,21.958333333333332
23/03/22,25.225
24/03/22,25.504166666666663
25/03/22,25.400000000000002
26/03/22,25.7
27/03/22,25.522948717948715
28/03/22,26.425
29/03/22,28.81204111600588
30/03/22,26.26666666666667
31/03/22,30.87083333333333
01/04/22,29.50205128205128
02/04/22,28.406666666666666
03/04/22,23.766666666666666
04/04/22,28.491666666666667
05/04/22,24.866666666666667
06/04/22,29.34166666666667
07/04/22,21.55
08/04/22,33.45416666666667
09/04/22,29.96666666666666
10/04/22,22.96666666666667
11/04/22,23.65416666666667
12/04/22,22.85
13/04/22,27.53333333333334
14/04/22,22.950000000000003
15/04/22,18.125
16/04/22,18.9
17/04/22,20.716666666666665
18/04/22,23.604166666666664
19/04/22,19.485416666666666
20/04/22,23.2375
21/04/22,23.44166666666667
22/04/22,21.133333333333333
23/04/22,22.858333333333334
24/04/22,20.608333333333334
25/04/22,24.266666666666666
26/04/22,17.883333333333333
27/04/22,17.241666666666667
28/04/22,24.575
29/04/22,30.04583333333333
30/04/22,26.21666666666667
01/05/22,19.116666666666667
02/05/22,25.38
03/05/22,25.866666666666664
04/05/22,29.46666666666667
05/05/22,29.53333333333334
06/05/22,27.358333333333338
07/05/22,21.741666666666667
08/05/22,22.633333333333333
09/05/22,25.7
10/05/22,22.341666666666665
11/05/22,13.508333333333335
12/05/22,16.35
13/05/22,23.091666666666665
14/05/22,24.193333333333335
15/05/22,19.18958333333334
16/05/22,23.395833333333332
17/05/22,26.041666666666664
18/05/22,27.166666666666668
19/05/22,23.258333333333336
20/05/22,28.275
21/05/22,23.6375
22/05/22,24.749999999999996
23/05/22,24.875
24/05/22,31.129166666666663
25/05/22,25.15
26/05/22,19.768487625313284
27/05/22,17.123007246376808
28/05/22,16.270833333333332
29/05/22,16.145833333333336
30/05/22,18.364732142857143
31/05/22,20.575
01/06/22,16.861904761904764
02/06/22,14.291666666666668
03/06/22,18.025
04/06/22,21.889145658263306
05/06/22,17.716666666666665
06/06/22,23.7375
07/06/22,24.73301282051282
08/06/22,22.991666666666667
09/06/22,20.941666666666666
10/06/22,20.94277108433735
11/06/22,19.824999999999996
12/06/22,17.55
13/06/22,21.299999999999997
14/06/22,20.1875
15/06/22,18.966666666666665
16/06/22,15.3
17/06/22,17.81666666666667
18/06/22,15.524999999999997
19/06/22,12.183333333333334
20/06/22,15.758333333333335
21/06/22,14.741666666666665
22/06/22,16.85833333333333
23/06/22,14.858333333333334
24/06/22,20.116666666666667
25/06/22,22.525000000000002
26/06/22,16.175
27/06/22,15.01666666666667
28/06/22,18.45
29/06/22,16.26666666666667
30/06/22,18.499999999999996
01/07/22,24.868589743589745
02/07/22,19.704166666666666
03/07/22,11.506410256410257
04/07/22,14.8
05/07/22,20.725
06/07/22,18.075
07/07/22,18.906666666666666
08/07/22,18.125
09/07/22,16.066666666666666
10/07/22,12.883333333333335
11/07/22,20.487499999999997
12/07/22,22.183333333333334
13/07/22,19.596666666666664
14/07/22,21.675
15/07/22,20.44166666666667
16/07/22,16.025
17/07/22,15.05
18/07/22,27.95
19/07/22,22.299999999999997
20/07/22,21.574999999999996
21/07/22,20.916666666666664
22/07/22,24.26657268170426
23/07/22,17.275
24/07/22,16.1625
25/07/22,19.491666666666667
26/07/22,18.266666666666666
27/07/22,25.45
28/07/22,26.2
29/07/22,29.025
30/07/22,18.191666666666666
31/07/22,13.925
01/08/22,20.516666666666666
02/08/22,23.35833333333333
03/08/22,21.45
04/08/22,26.225
05/08/22,20.491666666666664
06/08/22,18.345
07/08/22,16.466666666666665
08/08/22,19.06666666666667
09/08/22,21.2
10/08/22,20.866666666666667
11/08/22,17.716666666666665
12/08/22,20.75
13/08/22,22.708333333333332
14/08/22,18.295833333333334
15/08/22,25.266666666666666
16/08/22,29.275
17/08/22,26.104166666666664
18/08/22,25.641666666666662
19/08/22,28.615151515151513
20/08/22,18.19166666666667
21/08/22,20.89166666666667
22/08/22,22.916666666666664
23/08/22,22.283333333333335
24/08/22,21.41896551724138
25/08/22,19.589367816091958
26/08/22,21.791666666666664
27/08/22,24.76666666666667
28/08/22,17.291666666666664
29/08/22,21.801315789473684
30/08/22,21.016666666666666
31/08/22,21.289166666666667
01/09/22,17.208750000000002
02/09/22,15.65
03/09/22,13.35
04/09/22,12.116666666666667
05/09/22,16.27916666666667
06/09/22,23.46333333333333
07/09/22,21.38525641025641
08/09/22,17.337820512820517
09/09/22,23.108333333333338
10/09/22,21.833333333333332
11/09/22,12.391666666666667
12/09/22,18.65
13/09/22,19.408333333333335
14/09/22,19.283333333333335
15/09/22,17.908333333333335
16/09/22,10.991666666666665
17/09/22,15.515
18/09/22,17.383333333333333
19/09/22,20.25
20/09/22,16.883333333333333
21/09/22,16.80833333333333
22/09/22,16.275
23/09/22,16.575
24/09/22,20.69166666666667
25/09/22,15.525
26/09/22,15.495833333333334
27/09/22,17.950000000000003
28/09/22,18.258333333333333
29/09/22,18.065350877192984
30/09/22,23.966666666666665
01/10/22,24.96666666666667
02/10/22,21.166666666666664
03/10/22,25.81666666666667
04/10/22,28.041666666666664
05/10/22,28.414166666666667
06/10/22,21.070833333333333
07/10/22,19.683333333333334
08/10/22,16.325
09/10/22,14.466666666666669
10/10/22,20.225
11/10/22,19.625
12/10/22,20.566666666666666
13/10/22,20.4
14/10/22,23.675
15/10/22,22.191666666666666
16/10/22,19.516666666666666
17/10/22,21.991666666666667
18/10/22,20.53020833333333
19/10/22,20.833333333333336
20/10/22,26.71666666666666
21/10/22,28.645833333333336
22/10/22,26.395833333333332
23/10/22,22.80833333333333
24/10/22,25.65833333333333
25/10/22,25.091666666666665
26/10/22,30.03333333333334
27/10/22,31.0875
28/10/22,31.816666666666663
29/10/22,23.241666666666667
30/10/22,20.19166666666667
31/10/22,27.85563063063063
01/11/22,25.883333333333333
02/11/22,16.558333333333334
03/11/22,34.21666666666667
04/11/22,29.558333333333337
05/11/22,27.925
06/11/22,24.791666666666664
07/11/22,25.050000000000004
08/11/22,18.391666666666666
09/11/22,23.23333333333333
10/11/22,29.616666666666667
11/11/22,35.670833333333334
12/11/22,33.05
13/11/22,27.329166666666662
14/11/22,29.43541666666667
15/11/22,30.284215686274514
16/11/22,27.03333333333334
17/11/22,26.64166666666667
18/11/22,24.690784313725494
19/11/22,29.233333333333338
20/11/22,19.73333333333333
21/11/22,18.479166666666664
22/11/22,29.266666666666662
23/11/22,30.575
24/11/22,38.05833333333333
25/11/22,31.9
26/11/22,23.93333333333333
27/11/22,26.96666666666667
28/11/22,30.31354166666667
29/11/22,37.04097222222222
30/11/22,23.170833333333334
01/12/22,20.383333333333333
02/12/22,28.366666666666667
03/12/22,22.525000000000002
04/12/22,18.266666666666666
05/12/22,38.09166666666666
06/12/22,45.416666666666664
07/12/22,34.341666666666676
08/12/22,37.53333333333333
09/12/22,34.08333333333333
10/12/22,31.15833333333333
11/12/22,25.583333333333336
12/12/22,33.45833333333333
13/12/22,33.375
14/12/22,38
15/12/22,44.266666666666666
16/12/22,51.575
17/12/22,37.09166666666666
18/12/22,36.29166666666667
19/12/22,39.775
20/12/22,34.19583333333334
21/12/22,30.90833333333333
22/12/22,35.88611111111111
23/12/22,27.4
24/12/22,33.00416666666667
25/12/22,23.80833333333333
26/12/22,26.391666666666662
27/12/22,27.95
28/12/22,27.5425
29/12/22,24.5875
30/12/22,25.449999999999996
31/12/22,22.275
01/01/23,20.766666666666666
02/01/23,16.825
03/01/23,19.243333333333332
04/01/23,30.708333333333332
05/01/23,24.1
06/01/23,31.62916666666667
07/01/23,31.075
08/01/23,26.05833333333333
09/01/23,30.386874999999996
10/01/23,32.41666666666667
11/01/23,34.925
12/01/23,29.975
13/01/23,22.583333333333332
14/01/23,32.19583333333333
15/01/23,34.15833333333333
16/01/23,42.29166666666667
17/01/23,43.85
18/01/23,43.912499999999994
19/01/23,43.40833333333333
20/01/23,47.275
21/01/23,35.98583333333333
22/01/23,24.380392156862744
23/01/23,26.7
24/01/23,24.8875
25/01/23,31.835384615384612
26/01/23,27.013888888888886
27/01/23,30.08611111111111
28/01/23,30.083333333333336
29/01/23,29.291666666666664
30/01/23,33.08333333333333
31/01/23,36.22916666666667
01/02/23,35.2125
02/02/23,37.15416666666667
03/02/23,21.81666666666667
04/02/23,28.28333333333334
05/02/23,21.424999999999997
06/02/23,26.083333333333332
07/02/23,36.263429752066116
08/02/23,35.983333333333334
09/02/23,25.29771303258145
10/02/23,27.15833333333333
11/02/23,24.2875
12/02/23,26.9
13/02/23,30.74583333333333
14/02/23,25.344736842105267
15/02/23,25.241666666666667
16/02/23,34.88333333333334
17/02/23,29.6
18/02/23,28.483333333333338
19/02/23,22.520833333333332
20/02/23,29.670098039215684
21/02/23,27.025
22/02/23,25.041666666666664
23/02/23,35.45833333333333
24/02/23,29.25
25/02/23,22.983333333333334
26/02/23,23.608333333333334
27/02/23,26.191666666666663
28/02/23,28.183333333333337
01/03/23,32.28333333333334
02/03/23,28.28333333333334
03/03/23,27.508333333333336
04/03/23,28.179166666666667
05/03/23,27.104166666666668
06/03/23,28.133333333333333
07/03/23,28.504166666666663
08/03/23,29.09166666666667
09/03/23,29.39166666666667
10/03/23,29.241666666666667
11/03/23,26.15
12/03/23,25.391666666666666
13/03/23,25.48333333333333
14/03/23,31.310133887349952
15/03/23,24.292622950819673
16/03/23,21.875
17/03/23,23.507377049180327
18/03/23,20.725
19/03/23,19.179166666666667
20/03/23,20.525
21/03/23,29.85833333333333
22/03/23,27.145833333333332
23/03/23,24.729166666666668
24/03/23,27.21666666666667
25/03/23,30.724999999999994
26/03/23,28.55
27/03/23,30.475
28/03/23,26.25333333333333
29/03/23,25.668712266496197
30/03/23,30.141666666666662
31/03/23,29.90416666666666
01/04/23,25.016666666666666
02/04/23,21.10833333333333
03/04/23,26.866666666666667
04/04/23,31.554166666666664
05/04/23,29.366666666666664
06/04/23,16.3875
07/04/23,12.875
08/04/23,16.101062416998673
09/04/23,17.24583333333333
10/04/23,22.4625
11/04/23,19.357833333333335
12/04/23,22.195833333333333
13/04/23,22.438499999999998
14/04/23,23.78333333333333
15/04/23,24.03333333333333
16/04/23,16.258333333333333
17/04/23,24.383333333333333
18/04/23,23.97268518518518
19/04/23,27.843981481481485
20/04/23,28.22083333333334
21/04/23,25.94166666666667
22/04/23,22.1625
23/04/23,19.1
24/04/23,20.991666666666667
25/04/23,19.737499999999997
26/04/23,25.333333333333336
27/04/23,26.584294871794874
28/04/23,24.458333333333332
29/04/23,25.6875
30/04/23,19.241666666666667
01/05/23,19.341666666666665
02/05/23,21.104166666666664
03/05/23,23.839215686274507
04/05/23,22.911458333333332
05/05/23,31.275
06/05/23,27.55
07/05/23,21.241666666666667
08/05/23,25.208333333333332
09/05/23,29.96666666666667
10/05/23,30.633333333333333
11/05/23,33.108333333333334
12/05/23,33.04166666666667
13/05/23,30.40416666666667
14/05/23,23.06780303030303
15/05/23,21.291666666666668
16/05/23,31.73333333333333
17/05/23,30.0875
18/05/23,27.008333333333333
19/05/23,26.575
20/05/23,23.25
21/05/23,16.4
22/05/23,26.075
23/05/23,30.65833333333334
24/05/23,24.6
25/05/23,24.133333333333333
26/05/23,19.491666666666667
27/05/23,19.75
28/05/23,17.129166666666663
29/05/23,29.81666666666667
30/05/23,26.683333333333337
31/05/23,25.31666666666667
01/06/23,23.73333333333333
02/06/23,26.01666666666667
03/06/23,23.541666666666668
04/06/23,15.625
05/06/23,22.562500000000004
06/06/23,21.416666666666668
07/06/23,29.208333333333332
08/06/23,27.458823529411767
09/06/23,24.825
10/06/23,25.633333333333333
11/06/23,24.03333333333333
12/06/23,25.39166666666667
13/06/23,25.45
14/06/23,25.025
15/06/23,24.308333333333334
16/06/23,22.22083333333333
17/06/23,18.316666666666666
18/06/23,18.225
19/06/23,21.366666666666667
20/06/23,22.483333333333334
21/06/23,21.558333333333334
22/06/23,18.6
23/06/23,16.3125
24/06/23,13.333333333333332
25/06/23,9.15
26/06/23,20.474999999999998
27/06/23,21.449999999999996
28/06/23,19.3
29/06/23,22.041666666666668
30/06/23,17.925
01/07/23,20.608333333333334
02/07/23,15.308333333333334
03/07/23,20.817857142857143
04/07/23,19.566666666666666
05/07/23,18.43333333333333
06/07/23,20.308333333333334
07/07/23,23.6375
08/07/23,19.133333333333333
09/07/23,15.958333333333334
10/07/23,19.054166666666667
11/07/23,24.05833333333333
12/07/23,26.40833333333333
13/07/23,22.6
14/07/23,22.716666666666665
15/07/23,18.525
16/07/23,12.533333333333335
17/07/23,17.708333333333332
18/07/23,18.029166666666665
19/07/23,17.766666666666666
20/07/23,16.825000000000003
21/07/23,24.333333333333332
22/07/23,19.621428571428574
23/07/23,15.895238095238094
24/07/23,17.15833333333333
25/07/23,21.8125
26/07/23,24.479166666666664
27/07/23,28.76887254901961
28/07/23,26.90833333333334
29/07/23,19.645833333333332
30/07/23,15.266666666666666
31/07/23,17.341666666666665
01/08/23,19.621774193548386
02/08/23,19.890833333333333
03/08/23,21.278225806451612
04/08/23,16.658333333333335
05/08/23,17.433333333333334
06/08/23,14.391666666666666
07/08/23,21.005555555555556
08/08/23,20.925
09/08/23,20.48988095238095
10/08/23,26.116666666666667
11/08/23,31.883333333333333
12/08/23,24.258333333333333
13/08/23,17.300000000000004
14/08/23,19.25
15/08/23,17.075
16/08/23,19.958333333333332
17/08/23,23.925
18/08/23,27.71666666666666
19/08/23,22.70895061728395
20/08/23,15.408333333333335
21/08/23,18.175
22/08/23,19.849382716049384
23/08/23,17.166666666666664
24/08/23,14.941666666666666
25/08/23,16.95980392156863
26/08/23,19.03333333333333
27/08/23,13.008333333333331
28/08/23,19.891666666666666
29/08/23,20.491666666666667
30/08/23,23.454166666666666
31/08/23,23.592307692307692
01/09/23,26.93333333333333
02/09/23,17.770833333333336
03/09/23,16.808333333333334
04/09/23,22.55
05/09/23,23.391666666666666
06/09/23,25.408333333333335
07/09/23,21.725
08/09/23,16.283333333333335
09/09/23,14.683333333333334
10/09/23,11.341666666666667
11/09/23,16.541666666666668
12/09/23,19.133333333333333
13/09/23,21.95
14/09/23,26.06666666666667
15/09/23,22.325
16/09/23,16.65
17/09/23,17.375
18/09/23,21.500000000000004
19/09/23,21.866666666666667
20/09/23,20.075
21/09/23,21.71666666666667
22/09/23,17.900000000000002
23/09/23,18.358333333333334
24/09/23,15.820833333333331
25/09/23,17.558333333333334
26/09/23,15.908333333333335
27/09/23,20.59060283687943
28/09/23,19.708333333333332
29/09/23,19.517682926829266
30/09/23,19.891666666666662
01/10/23,15.908333333333335
02/10/23,20.475
03/10/23,21.391666666666666
04/10/23,24.708333333333336
05/10/23,22.133333333333333
06/10/23,16.699999999999996
07/10/23,17.071666666666665
08/10/23,14.741666666666665
09/10/23,20.025
10/10/23,16.29583333333333
11/10/23,14.183333333333332
12/10/23,24.15
13/10/23,26.083333333333332
14/10/23,19.349999999999998
15/10/23,13.17083333333333
16/10/23,19.725
17/10/23,25.05833333333333
18/10/23,34.345588235294116
19/10/23,28.241666666666667
20/10/23,26.56869918699187
21/10/23,28.270833333333332
22/10/23,26.35630081300813
23/10/23,29.09166666666667
24/10/23,27.583333333333332
25/10/23,23.17401960784314
26/10/23,19.916666666666664
27/10/23,20.308333333333334
28/10/23,17.28333333333333
29/10/23,20.383333333333333
30/10/23,23.80833333333333
31/10/23,26.09166666666667
01/11/23,25.066666666666666
02/11/23,24.1
03/11/23,25.470833333333335
04/11/23,23.716666666666665
05/11/23,24.558333333333334
06/11/23,29.65833333333333
07/11/23,33.80833333333333
08/11/23,32.16666666666667
09/11/23,35.425
10/11/23,34.96666666666666
11/11/23,19.15
12/11/23,15.083333333333332
13/11/23,19.075
14/11/23,18.633333333333333
15/11/23,25.775
16/11/23,39.88333333333333
17/11/23,40.75833333333333
18/11/23,31.916666666666668
19/11/23,37.24166666666666
20/11/23,37.59166666666666
21/11/23,29.666666666666664
22/11/23,25.225
23/11/23,22.475
24/11/23,33.225
25/11/23,28.575
26/11/23,23.475
27/11/23,27.4
28/11/23,22.9
29/11/23,26.10833333333333
30/11/23,22.925
01/12/23,27.9475
02/12/23,30.84166666666667
03/12/23,25.741666666666667
04/12/23,23.425
05/12/23,24.666666666666664
06/12/23,21.924999999999997
07/12/23,26.883333333333333
08/12/23,32.375
09/12/23,34
10/12/23,19.883333333333333
11/12/23,30.258333333333336
12/12/23,32.18333333333333
13/12/23,33.05833333333334
14/12/23,29.108333333333338
15/12/23,27.975
16/12/23,23.53333333333333
17/12/23,24.208333333333336
18/12/23,34.565
19/12/23,38.88764705882353
20/12/23,43
21/12/23,42.400000000000006
22/12/23,39.83735294117647
23/12/23,41.69166666666667
24/12/23,27.46666666666667
25/12/23,20.408333333333335
26/12/23,25.26509009009009
27/12/23,26.472409909909913
28/12/23,33.87083333333333
29/12/23,30.39166666666667
30/12/23,28.508333333333336
31/12/23,30.633333333333333
01/01/24,27.833333333333332
02/01/24,34.40833333333333
03/01/24,35.91666666666667
04/01/24,24.042647058823526
05/01/24,20.166666666666664
06/01/24,20.041666666666664
07/01/24,27.516666666666662
08/01/24,16.979166666666664
09/01/24,28.375
10/01/24,26.662719298245616
11/01/24,30.92478070175439
12/01/24,45.56666666666666
13/01/24,34.02916666666667
14/01/24,32.62083333333333
15/01/24,39.24166666666666
16/01/24,41.5
17/01/24,41.30434782608695
18/01/24,44.68333333333333
19/01/24,38.31666666666667
20/01/24,23.687500000000004
21/01/24,33.3
22/01/24,29.29313725490196
23/01/24,28.866666666666664
24/01/24,26.76666666666667
25/01/24,26.85
26/01/24,22.937500000000004
27/01/24,26.754166666666663
28/01/24,21.9125
29/01/24,28.894166666666667
30/01/24,33.44166666666667
31/01/24,34.93333333333333
01/02/24,34.07083333333333
02/02/24,27.18333333333333
03/02/24,21.085483870967742
04/02/24,23.047222222222224
05/02/24,21.98709677419355
06/02/24,34.681586021505375
07/02/24,45.62083333333334
08/02/24,46.69166666666667
09/02/24,40.61190476190476
10/02/24,25.366666666666664
11/02/24,19.575
12/02/24,25.283333333333335
13/02/24,30.2
14/02/24,36.025
15/02/24,28.266666666666662
16/02/24,21.740277777777777
17/02/24,17.7875
18/02/24,23.4625
19/02/24,40.79166666666667
20/02/24,37.06666666666666
21/02/24,39.89895833333333
22/02/24,49.21249999999999
23/02/24,45.50416666666667
24/02/24,31.3
25/02/24,28.266666666666662
26/02/24,32.225
27/02/24,38.08333333333333
28/02/24,34.137499999999996
29/02/24,26.85
01/03/24,33.36120689655173
02/03/24,28.458333333333336
03/03/24,25.275
04/03/24,26.40416666666667
05/03/24,34.1
06/03/24,37.550000000000004
07/03/24,27.308333333333337
08/03/24,36.52916666666666
09/03/24,35.0125
10/03/24,21.90833333333333
11/03/24,33.09166666666667
12/03/24,28.25
13/03/24,28.8625
14/03/24,26.995833333333337
15/03/24,30.475
16/03/24,25.5625
17/03/24,18.918055555555558
18/03/24,18.391666666666666
19/03/24,21.533333333333335
20/03/24,27.629166666666663
21/03/24,21.308333333333337
22/03/24,18.425
23/03/24,22.941666666666666
24/03/24,18.516666666666666
25/03/24,24.008333333333333
26/03/24,27.2
27/03/24,36.97916666666667
28/03/24,22.558333333333337
29/03/24,20.8
30/03/24,21.520833333333336
31/03/24,20.466666666666665
01/04/24,20.466666666666665
02/04/24,22.175000000000004
03/04/24,20.127777777777776
04/04/24,22.172222222222224
05/04/24,24.249999999999996
06/04/24,19.14782608695652
07/04/24,18.62083333333333
08/04/24,20.90416666666666
09/04/24,19.783333333333335
10/04/24,17.608333333333334
11/04/24,22.96666666666667
12/04/24,28.15416666666666
13/04/24,24.558333333333334
14/04/24,23.35
15/04/24,30.21666666666667
16/04/24,25.1625
17/04/24,24.833333333333332
18/04/24,28.903603603603603
19/04/24,32.58806306306307
20/04/24,33.824999999999996
21/04/24,23.958333333333336
22/04/24,28.05
23/04/24,32.25388888888889
24/04/24,31.6
25/04/24,27.03333333333333
26/04/24,32.99583333333333
27/04/24,25.96875
28/04/24,21.391666666666666
29/04/24,28.708333333333332
30/04/24,31.24583333333333
01/05/24,24.179166666666667
02/05/24,26.24583333333333
03/05/24,37.1375
04/05/24,29.891666666666662
05/05/24,26.49276649746193
06/05/24,27.4
07/05/24,25.925
08/05/24,30.65416666666667
09/05/24,32.38166666666667
10/05/24,26.18333333333333
11/05/24,20.170833333333334
12/05/24,22.733333333333334
13/05/24,29.479166666666668
14/05/24,30.81666666666667
15/05/24,26.675
16/05/24,27.64166666666667
17/05/24,26.96666666666666
18/05/24,24.09166666666667
19/05/24,17.483333333333334
20/05/24,23.166666666666664
21/05/24,24.95
22/05/24,23.210256410256413
23/05/24,29.953525641025642
24/05/24,28.416666666666664
25/05/24,25.616666666666667
26/05/24,20.766666666666666
27/05/24,24.25
28/05/24,22.363235294117644
29/05/24,23.89473350253807
30/05/24,36.12916666666666
31/05/24,32.825
01/06/24,24.141666666666666
02/06/24,22.25
03/06/24,21.966666666666665
04/06/24,24.948026315789473
05/06/24,30.275000000000006
06/06/24,26.77916666666666
07/06/24,21.925
08/06/24,24.04047619047619
09/06/24,20.083333333333332
10/06/24,23.12083333333333
11/06/24,17.820833333333333
12/06/24,15.508333333333335
13/06/24,17.643750000000004
14/06/24,16.977083333333333
15/06/24,14.541666666666666
16/06/24,10.941666666666666
17/06/24,18.241666666666667
18/06/24,17.808333333333334
19/06/24,16.383333333333333
20/06/24,22.075
21/06/24,17.8875
22/06/24,17.59166666666667
23/06/24,22.4125
24/06/24,29.325
25/06/24,25.775
26/06/24,26.84166666666667
27/06/24,33.875
28/06/24,31.55
29/06/24,22.729166666666664
30/06/24,11.595833333333333
01/07/24,18.604166666666668
02/07/24,18.595833333333335
03/07/24,20.358333333333334
04/07/24,24.716666666666665
05/07/24,19.858333333333334
06/07/24,18.71666666666667
07/07/24,17.483333333333334
08/07/24,19.108333333333334
09/07/24,19.725
10/07/24,20.208333333333336
11/07/24,24.458333333333336
12/07/24,21.6
13/07/24,16.924999999999997
14/07/24,15.114035087719298
15/07/24,24.645339912280697
16/07/24,28.566666666666663
17/07/24,22.829166666666666
18/07/24,21.958333333333336
19/07/24,32.43333333333333
20/07/24,22.65
21/07/24,15.05
22/07/24,24.491666666666667
23/07/24,25.983333333333338
24/07/24,27.416666666666668
25/07/24,27.308333333333337
26/07/24,33.39561403508772
27/07/24,33.80833333333333
28/07/24,20.866666666666667
29/07/24,19.308333333333334
30/07/24,22.875000000000004
31/07/24,24.6
01/08/24,19.79436936936937
02/08/24,22.20563063063063
03/08/24,19.508333333333333
04/08/24,16.1375
05/08/24,20.666666666666664
06/08/24,20.64166666666667
07/08/24,24.15
08/08/24,19.608333333333334
09/08/24,22.541666666666668
10/08/24,18.241666666666667
11/08/24,15.791666666666666
12/08/24,20.425
13/08/24,19.758333333333333
14/08/24,22.025
15/08/24,19.225
16/08/24,19.575
17/08/24,22.266666666666666
18/08/24,13.408333333333331
19/08/24,16.41068841
20/08/24,17.402380952380955
21/08/24,18.241666666666667
22/08/24,18.325000000000003
23/08/24,20.891666666666666
24/08/24,20.383333333333333
25/08/24,16.716666666666665
26/08/24,17.475
27/08/24,18.2
28/08/24,22.7125
29/08/24,23.006140350877196
30/08/24,26.78333333333333
31/08/24,21.941666666666666
01/09/24,17.416666666666664
02/09/24,21.775
03/09/24,22.028333333333332
04/09/24,21.57785087719298
05/09/24,18.695833333333333
06/09/24,15.185416666666669
07/09/24,15.758333333333331
08/09/24,11.483333333333333
09/09/24,30.80833333333333
10/09/24,24.84166666666667
11/09/24,21.844031531531535
12/09/24,22.325
13/09/24,24.21666666666666
14/09/24,22.825
15/09/24,19.521111111111107
16/09/24,20.687499999999996
17/09/24,25.379166666666663
18/09/24,25.304166666666667
19/09/24,23.808055555555555
20/09/24,21.325
21/09/24,18.21666666666667
22/09/24,11.725
23/09/24,17.0125
24/09/24,21.200000000000003
25/09/24,23.36354166666667
26/09/24,25.18333333333333
27/09/24,21.383333333333333
28/09/24,24.441666666666666
29/09/24,16.875
30/09/24,21.791666666666668
01/10/24,14.10833333333333
02/10/24,16.975
03/10/24,23.78333333333333
04/10/24,23.725
05/10/24,27.65833333333334
06/10/24,15.816666666666666
07/10/24,19.699999999999996
08/10/24,21.775
09/10/24,20.875
10/10/24,21.45
11/10/24,20.82916666666667
12/10/24,20.589999999999996
13/10/24,19.05833333333333
14/10/24,21.420833333333334
15/10/24,27.291666666666664
16/10/24,24.391666666666666
17/10/24,20.508333333333333
18/10/24,21.650000000000002
19/10/24,15.491666666666669
20/10/24,13.591666666666665
21/10/24,20.641666666666666
22/10/24,18.87916666666667
23/10/24,19.925
24/10/24,21.374898373983736
25/10/24,25.67083333333333
26/10/24,20.3875
27/10/24,16.145833333333332
28/10/24,23.770833333333332
29/10/24,28.208333333333332
30/10/24,27.814166666666665
31/10/24,24.745833333333334
01/11/24,20.2
02/11/24,18.1625
03/11/24,23.90416666666667
04/11/24,26.6375
05/11/24,25.79583333333333
06/11/24,28.754166666666663
07/11/24,26.711309523809526
08/11/24,26.9375
09/11/24,23.270833333333332
10/11/24,22.095833333333335
11/11/24,24.007291666666667
12/11/24,30.02916666666667
13/11/24,27.600518292682928
14/11/24,19.300000000000004
15/11/24,35.541666666666664
16/11/24,38.8
17/11/24,30.2
18/11/24,23.208333333333336
19/11/24,29.575
20/11/24,23.575
21/11/24,25.633333333333333
22/11/24,28.03333333333334
23/11/24,32.99166666666667
24/11/24,30.133333333333333
25/11/24,34.68333333333333
26/11/24,28.791666666666668
27/11/24,46.90833333333334
28/11/24,45.333333333333336
29/11/24,43.7
30/11/24,32.016666666666666
01/12/24,25.258333333333336
02/12/24,29.866666666666664
03/12/24,23.825
04/12/24,35.31666666666667
05/12/24,30.312645687645688
06/12/24,27.37916666666667
07/12/24,24.733333333333334
08/12/24,28.74142857142857
09/12/24,39.63333333333334
10/12/24,42.20833333333333
11/12/24,25.410294117647055
12/12/24,38.28333333333334
13/12/24,37.525
14/12/24,32.83333333333333
15/12/24,24.333333333333332
16/12/24,29.84166666666667
17/12/24,30.1
18/12/24,25.93333333333333
19/12/24,17.6
20/12/24,20.391666666666666
21/12/24,19.65
22/12/24,18.825
23/12/24,30.46666666666667
24/12/24,32.87500000000001
25/12/24,24.175000000000004
26/12/24,29.18333333333333
27/12/24,38.03066037735849
28/12/24,37.58333333333333
29/12/24,29.225
30/12/24,37.80833333333334
31/12/24,34.03333333333334
01/01/25,24.658333333333335
02/01/25,27.494339622641508
03/01/25,22.825
04/01/25,23.639423076923077
05/01/25,24.208333333333332
06/01/25,29.616666666666664
07/01/25,30.78333333333333
08/01/25,26.004166666666663
09/01/25,19.93333333333333
10/01/25,17.783333333333335
11/01/25,15.366666666666669
12/01/25,17.741666666666667
13/01/25,29.4
14/01/25,35.88333333333333
15/01/25,30.008333333333333
16/01/25,36.46333333333333
17/01/25,32.44166666666667
18/01/25,28.924999999999994
19/01/25,26.55833333333333
20/01/25,22.76666666666667
21/01/25,27.85
22/01/25,37.6
23/01/25,32.32083333333334
24/01/25,30.41505255255255
25/01/25,33.45833333333333
26/01/25,26.65
27/01/25,37.041666666666664
28/01/25,39.16666666666667
29/01/25,29.316666666666663
30/01/25,28.14166666666667
31/01/25,28.008333333333336
01/02/25,26.60833333333333
02/02/25,26.266666666666662
03/02/25,21.866666666666667
04/02/25,26.641666666666662
05/02/25,34.333333333333336
06/02/25,31.633333333333333
07/02/25,28.304166666666667
08/02/25,28.69166666666667
09/02/25,26.39166666666667
10/02/25,35.62499999999999
11/02/25,33.19166666666666
12/02/25,21.991666666666667
13/02/25,27.208333333333332
14/02/25,24.366666666666667
15/02/25,25.175
16/02/25,17.758333333333333
17/02/25,22.125
18/02/25,30.333333333333336
19/02/25,27.695833333333333
20/02/25,34.3
21/02/25,30.388888888888893
22/02/25,22.174999999999997
23/02/25,20.541666666666664
24/02/25,30.741666666666667
25/02/25,36.875
26/02/25,32.4625
27/02/25,30.64166666666667
28/02/25,31.0875
01/03/25,33.7
02/03/25,28.475
03/03/25,32.545833333333334
04/03/25,25.883333333333333
05/03/25,31.25
06/03/25,27.15833333333333
07/03/25,23.633333333333333
08/03/25,24.71666666666666
09/03/25,23.379166666666663
10/03/25,29.572899449035816
11/03/25,31.241666666666667
12/03/25,30.383333333333333
13/03/25,27.85
14/03/25,21.0875
15/03/25,20.333333333333336
16/03/25,22.808333333333334
17/03/25,19.875000000000004
18/03/25,31.299999999999994
19/03/25,27.366666666666664
20/03/25,19.583333333333336
21/03/25,28.508333333333333
22/03/25,34.025
23/03/25,26.929166666666664
24/03/25,25.65
25/03/25,23.89736842105263
26/03/25,30.74298245614035
27/03/25,22.17785087719298
28/03/25,17.9375
29/03/25,23.516666666666666
30/03/25,25.05
31/03/25,36.358333333333334
01/04/25,31.76666666666667
02/04/25,28.0125
03/04/25,26.275
04/04/25,23.041666666666664
05/04/25,18.93333333333333
06/04/25,17.1125
07/04/25,17.58186274509804
08/04/25,27.60563725490196
09/04/25,23.6
10/04/25,23.254166666666666
11/04/25,22.701666666666668
12/04/25,17.858333333333334
13/04/25,19.425000000000004
14/04/25,24.191666666666666
15/04/25,23.416666666666668
16/04/25,24.241666666666667
17/04/25,27.522222222222222
18/04/25,23.625000000000004
19/04/25,18.40833333333333
20/04/25,16.916666666666664
21/04/25,23.154166666666665
22/04/25,27.93529411764706
23/04/25,22.756666666666668
24/04/25,23.37916666666667
25/04/25,23.941666666666666
26/04/25,23.824999999999996
27/04/25,17.025
28/04/25,24.708333333333332
29/04/25,28.34166666666667
30/04/25,27.458333333333332
01/05/25,25
02/05/25,23.4125
03/05/25,19.55833333333333
04/05/25,21.158333333333335
05/05/25,22.083333333333336
06/05/25,21.75
07/05/25,25.083333333333336
08/05/25,31.23333333333333
09/05/25,35.045833333333334
10/05/25,18.06666666666667
11/05/25,21.183333333333334
12/05/25,26.441666666666663
13/05/25,29.98333333333333
14/05/25,30.291666666666668
15/05/25,26.25
16/05/25,25.46666666666667
17/05/25,24.208333333333332
18/05/25,22.016666666666666
19/05/25,29.2
20/05/25,28.225
21/05/25,23.466666666666665
22/05/25,20.95
23/05/25,21.958333333333336
24/05/25,20.741666666666667
25/05/25,19.683333333333334
26/05/25,26.883333333333333
27/05/25,26.3875
28/05/25,21.891666666666666
29/05/25,22.325
30/05/25,27.433333333333337
31/05/25,25.95
01/06/25,21.09166666666667
02/06/25,23.40416666666666
03/06/25,29.07965686
04/06/25,21.433333333333334
05/06/25,16.64166666666667
06/06/25,17.4
07/06/25,16.85
08/06/25,17.708333333333336
09/06/25,22.025
10/06/25,20.762500000000003
11/06/25,19.8
12/06/25,24.575
13/06/25,22.916666666666668
14/06/25,14.775
15/06/25,19.008333333333333
16/06/25,24.03333333333333
17/06/25,24.40833333333333
18/06/25,18.608333333333334
19/06/25,18.791666666666668
20/06/25,18.175
21/06/25,19.4
22/06/25,22.404166666666665
23/06/25,20.980292792792795
24/06/25,20.582207207207205
25/06/25,20.841666666666665
26/06/25,25.675
27/06/25,21.008823529411764
28/06/25,17.55
29/06/25,14.166666666666668
30/06/25,18.125000000000004
01/07/25,14.0125
02/07/25,19.075000000000003
03/07/25,19.583333333333336
04/07/25,23.710227272727273
05/07/25,23.075
06/07/25,22.591666666666665
07/07/25,25.75
08/07/25,19.516666666666666
09/07/25,15.283333333333331
10/07/25,26.166666666666664
11/07/25,27.041666666666664
12/07/25,27.083333333333336
13/07/25,18.474999999999998
14/07/25,19.25
15/07/25,25.15
16/07/25,23.216666666666665
17/07/25,24.250000000000004
18/07/25,22.775
19/07/25,22.45
20/07/25,16.191666666666666
21/07/25,23.775
22/07/25,17.683333333333334
23/07/25,16.00416666666667
24/07/25,19.140921985815602
25/07/25,22.833333333333332
26/07/25,21.808333333333334
27/07/25,15.225
28/07/25,19.55
29/07/25,16.375
30/07/25,17.125
31/07/25,21.508333333333333
01/08/25,21.666666666666664
02/08/25,18.708333333333332
03/08/25,17.058333333333334
04/08/25,19.570833333333333
05/08/25,17.008333333333333
06/08/25,18.65
07/08/25,20.90833333333333
08/08/25,22.988257575757576
09/08/25,23.958333333333336
10/08/25,19.445833333333333
11/08/25,26.1375
12/08/25,25.021578014184396
13/08/25,24.579166666666666
14/08/25,22.241666666666667
15/08/25,24.408333333333335
16/08/25,19.975
17/08/25,11.891666666666667
18/08/25,19.30833333333333
19/08/25,18.084667378157242
20/08/25,19.006666666666668
21/08/25,23.65
22/08/25,22.016666666666666
23/08/25,22.891666666666666
24/08/25,16.837500000000002
25/08/25,18.470833333333335
26/08/25,19.437443693693695
27/08/25,22.521734234234238
28/08/25,21.1
29/08/25,21.19642857142857
30/08/25,20.325
31/08/25,15.183333333333334
01/09/25,18.216666666666665
02/09/25,24.37291666666666
03/09/25,28.5125
04/09/25,28.52916666666667
05/09/25,25.541666666666664
06/09/25,23.741666666666667
07/09/25,16.875
08/09/25,20.241666666666667
09/09/25,21.875
10/09/25,20.15
11/09/25,18.458333333333332
12/09/25,19.133333333333333
13/09/25,22.166666666666664
14/09/25,17.116666666666667
15/09/25,17.24583333333333
16/09/25,11.533333333333333
17/09/25,18.866666666666667
18/09/25,18.03333333333333
19/09/25,17.28333333333333
20/09/25,15.758333333333331
21/09/25,14.966666666666665
22/09/25,18.179166666666667
23/09/25,16.848333333333333
24/09/25,19.072499999999998
25/09/25,23.675000000000004
26/09/25,27.14449928850943
27/09/25,23.758333333333333
28/09/25,16.441666666666666
29/09/25,21.34166666666667
30/09/25,21.066666666666666
01/10/25,23.166666666666668
02/10/25,20.891666666666666
03/10/25,17.94166666666667
04/10/25,27.25
05/10/25,24.291666666666668
06/10/25,21.775
07/10/25,18.000000000000004
08/10/25,18.18333333333333
09/10/25,21.720833333333335
10/10/25,22.104166666666664
11/10/25,17.616666666666664
12/10/25,20.55
13/10/25,19.32
14/10/25,16.95
15/10/25,17.975
16/10/25,28.3
17/10/25,30.6
18/10/25,30.175
19/10/25,16.958333333333336
20/10/25,19.55833333333333
21/10/25,21.004166666666666
22/10/25,17.583333333333336
23/10/25,20.724999999999998
24/10/25,27.208333333333332
25/10/25,28.14166666666667
26/10/25,23.108333333333334
27/10/25,23.025
28/10/25,26.35
29/10/25,18.916666666666668
30/10/25,28.192424242424245
31/10/25,32.96590909090909
01/11/25,29.4875
02/11/25,19.995833333333334
03/11/25,23.29583333333333
04/11/25,29.54583333333333
05/11/25,27.673401162790697
06/11/25,32.1125
07/11/25,39.2125
08/11/25,36.52916666666667
09/11/25,24.1375
10/11/25,22.020833333333332
11/11/25,31.17083333333333
12/11/25,32.84583333333334
13/11/25,29.804166666666667
14/11/25,33.62916666666666
15/11/25,34.15
16/11/25,31.59583333333334
17/11/25,32.9375
18/11/25,34.770833333333336
19/11/25,29.8375
20/11/25,39.712500000000006
21/11/25,33.19583333333333
22/11/25,25.270833333333336
23/11/25,20.379166666666666
24/11/25,33.4875
25/11/25,32.795833333333334
26/11/25,26.52916666666666
27/11/25,17.704166666666666
28/11/25,22.654166666666665
29/11/25,30.70416666666667
30/11/25,27.54583333333333
01/12/25,29.646813725490194
02/12/25,30.62916666666667
03/12/25,33.645833333333336
04/12/25,33.68493217054264
05/12/25,32.45833333333333
06/12/25,34.345000000000006
07/12/25,22.366666666666667
08/12/25,23.0875
09/12/25,30.85
10/12/25,28.35
11/12/25,25.55
12/12/25,30.525
13/12/25,28.083333333333332
14/12/25,21.03333333333333
15/12/25,20.15
16/12/25,31.975
17/12/25,35.19166666666667
18/12/25,36.675
19/12/25,31.65833333333333
20/12/25,35.18333333333333
21/12/25,28.175
22/12/25,22.041666666666668
23/12/25,21.64166666666667
24/12/25,24.275
25/12/25,16.89166666666667
26/12/25,23.366666666666667
27/12/25,31.291666666666664
28/12/25,31.166666666666668
29/12/25,23.125000000000004
30/12/25,18.675
31/12/25,27.708333333333332