fecha,NO_promedio
01/01/20,10.508333333333333
02/01/20,6.658333333333333
03/01/20,18.975
04/01/20,14.658333333333335
05/01/20,14.383333333333331
06/01/20,31.76666666666667
07/01/20,22.675
08/01/20,20.766666666666666
09/01/20,31.43333333333333
10/01/20,33.333333333333336
11/01/20,23.929166666666667
12/01/20,13.73333333333333
13/01/20,21.31666666666667
14/01/20,23.633333333333333
15/01/20,21.425
16/01/20,10.639583333333334
17/01/20,18.73333333333333
18/01/20,18.658333333333335
19/01/20,6.35
20/01/20,11.874999999999998
21/01/20,22.363194444444446
22/01/20,30.95
23/01/20,24.491666666666667
24/01/20,14.816666666666666
25/01/20,19.78333333333333
26/01/20,18.383333333333333
27/01/20,34.4
28/01/20,34.55
29/01/20,24.05
30/01/20,25.74583333333333
31/01/20,20.133333333333333
01/02/20,16.266666666666666
02/02/20,15.5
03/02/20,11.866666666666665
04/02/20,19.419710144927535
05/02/20,14.35
06/02/20,11.658333333333333
07/02/20,36.66666666666667
08/02/20,23.73333333333333
09/02/20,10.530072463768118
10/02/20,20.336594202898553
11/02/20,27.45
12/02/20,18.0875
13/02/20,20.605289855072463
14/02/20,22.875
15/02/20,19.44166666666667
16/02/20,12.783333333333333
17/02/20,29.241666666666664
18/02/20,30.65
19/02/20,32.775
20/02/20,20.09166666666667
21/02/20,7.226515151515152
22/02/20,13.291666666666666
23/02/20,9.825
24/02/20,17.108333333333334
25/02/20,19.961518046709127
26/02/20,20.366666666666664
27/02/20,14.39166666666667
28/02/20,17.82916666666667
29/02/20,19.483333333333334
01/03/20,10.1625
02/03/20,15.530882352941177
03/03/20,26.4
04/03/20,18.391666666666666
05/03/20,26.06666666666667
06/03/20,8.416666666666668
07/03/20,7.541666666666667
08/03/20,8.833333333333332
09/03/20,17.125
10/03/20,9.558333333333334
11/03/20,20.65833333333333
12/03/20,24.891666666666666
13/03/20,23.075
14/03/20,12.554166666666667
15/03/20,6.9833333333333325
16/03/20,7.258333333333335
17/03/20,17.158333333333335
18/03/20,21.975
19/03/20,22.574999999999996
20/03/20,20.30833333333333
21/03/20,3.8916666666666666
22/03/20,9.375
23/03/20,18.941666666666666
24/03/20,21.925
25/03/20,14.633333333333331
26/03/20,16.151041666666668
27/03/20,19.85833333333333
28/03/20,9.966666666666667
29/03/20,4.766666666666667
30/03/20,8.283333333333333
31/03/20,13.016666666666666
01/04/20,8.958333333333332
02/04/20,9.133333333333333
03/04/20,11.341666666666667
04/04/20,6.320833333333334
05/04/20,4.858333333333333
06/04/20,11.76666666666667
07/04/20,9.166666666666666
08/04/20,11.308333333333334
09/04/20,6.091666666666667
10/04/20,6.3583333333333325
11/04/20,5.783333333333333
12/04/20,2.8916666666666666
13/04/20,11.906862745098039
14/04/20,12.48186274509804
15/04/20,7.686274509803921
16/04/20,10.066666666666666
17/04/20,8.516666666666667
18/04/20,6.283333333333333
19/04/20,3.708333333333333
20/04/20,9.799999999999999
21/04/20,8.091666666666667
22/04/20,12.283333333333333
23/04/20,10.15
24/04/20,7.541666666666667
25/04/20,8.6
26/04/20,1.5416666666666665
27/04/20,4.241666666666666
28/04/20,9.033333333333333
29/04/20,8.6
30/04/20,3.3875
01/05/20,7.066666666666667
02/05/20,8.816666666666666
03/05/20,4.3
04/05/20,10.383333333333333
05/05/20,6.916666666666667
06/05/20,6.035380116959064
07/05/20,5.841666666666667
08/05/20,8.425
09/05/20,2.7083333333333335
10/05/20,2.370833333333333
11/05/20,5.4
12/05/20,9.483333333333333
13/05/20,9.166666666666668
14/05/20,8.391666666666666
15/05/20,9.641666666666666
16/05/20,9.55
17/05/20,4.283333333333333
18/05/20,3.833333333333333
19/05/20,6.475
20/05/20,6.6416666666666675
21/05/20,6.55
22/05/20,9.5
23/05/20,9.158333333333333
24/05/20,3.4083333333333337
25/05/20,7.575
26/05/20,10.15
27/05/20,4.933333333333333
28/05/20,5.275
29/05/20,5.5
30/05/20,3.8666666666666663
31/05/20,2.4833333333333334
01/06/20,4.783333333333333
02/06/20,5.15
03/06/20,3.604166666666667
04/06/20,6.508333333333333
05/06/20,4.875
06/06/20,5.725
07/06/20,1.4416666666666667
08/06/20,4.825
09/06/20,9.258333333333333
10/06/20,7.3083333333333345
11/06/20,2.629166666666667
12/06/20,4.083333333333333
13/06/20,2.0083333333333333
14/06/20,2.325
15/06/20,2.5166666666666666
16/06/20,5.183333333333333
17/06/20,6.308333333333334
18/06/20,8.008333333333333
19/06/20,6.325
20/06/20,5.875
21/06/20,4.345833333333333
22/06/20,5.608333333333333
23/06/20,11.233333333333333
24/06/20,7.383333333333335
25/06/20,8.286184210526315
26/06/20,7.15
27/06/20,5.258333333333334
28/06/20,3.7125
29/06/20,6.6
30/06/20,6.716666666666667
01/07/20,7.0666666666666655
02/07/20,4.166666666666667
03/07/20,3.583333333333333
04/07/20,2.933333333333333
05/07/20,4.933333333333334
06/07/20,9.354166666666668
07/07/20,8.466666666666667
08/07/20,7.500000000000002
09/07/20,11.254166666666666
10/07/20,13.883333333333331
11/07/20,2.8916666666666666
12/07/20,3.275
13/07/20,12.29072030857553
14/07/20,8.120833333333334
15/07/20,7.054166666666667
16/07/20,7.129166666666667
17/07/20,6.8375
18/07/20,6.0375
19/07/20,6.3375
20/07/20,7.195833333333333
21/07/20,6.970833333333333
22/07/20,5.804166666666667
23/07/20,5.134722222222222
24/07/20,5.420833333333333
25/07/20,5.654166666666667
26/07/20,4.2875000000000005
27/07/20,11.116666666666667
28/07/20,5.495833333333334
29/07/20,8.945833333333333
30/07/20,9.295833333333333
31/07/20,9.070833333333333
01/08/20,8.591666666666667
02/08/20,4.295833333333333
03/08/20,10.654166666666665
04/08/20,11.270833333333332
05/08/20,5.326136363636364
06/08/20,6.5875
07/08/20,5.304166666666666
08/08/20,3.8208333333333337
09/08/20,4.779166666666667
10/08/20,10.934429824561402
11/08/20,6.720833333333333
12/08/20,6.4541666666666675
13/08/20,7.108333333333334
14/08/20,9.878656462585033
15/08/20,9.704166666666666
16/08/20,5.8375
17/08/20,8.495833333333334
18/08/20,7.404166666666667
19/08/20,8.245833333333334
20/08/20,7.309279691
21/08/20,8.325
22/08/20,10.066666666666666
23/08/20,4.283333333333333
24/08/20,6.266666666666666
25/08/20,6.65
26/08/20,8.649999999999999
27/08/20,9.125
28/08/20,12.325
29/08/20,9.658333333333333
30/08/20,9.925
31/08/20,14.691666666666666
01/09/20,13.825
02/09/20,11.866666666666667
03/09/20,10.416666666666666
04/09/20,5.816666666666667
05/09/20,5.9
06/09/20,4.333333333333333
07/09/20,7.2
08/09/20,7.65
09/09/20,10.741666666666667
10/09/20,8.854166666666668
11/09/20,6.683843537414965
12/09/20,4.525
13/09/20,3.4166666666666665
14/09/20,10.891666666666667
15/09/20,6.8916666666666675
16/09/20,3.15
17/09/20,6.358333333333333
18/09/20,6.191666666666667
19/09/20,8.225
20/09/20,4.391666666666667
21/09/20,10.558333333333334
22/09/20,15.008333333333335
23/09/20,17.358333333333334
24/09/20,7.6
25/09/20,13.31244131455399
26/09/20,19.04583333333333
27/09/20,9.666666666666668
28/09/20,12.416666666666666
29/09/20,5.401388888888889
30/09/20,11.652836463223787
01/10/20,20.116666666666667
02/10/20,10.391666666666666
03/10/20,3.9250000000000007
04/10/20,2.833333333333333
05/10/20,10.008333333333335
06/10/20,16.23333333333333
07/10/20,23.366666666666667
08/10/20,18.320833333333333
09/10/20,20
10/10/20,15.441666666666666
11/10/20,8.541666666666668
12/10/20,17.475
13/10/20,13.179166666666665
14/10/20,13.025
15/10/20,21.758333333333333
16/10/20,14.366666666666665
17/10/20,7
18/10/20,13.716666666666665
19/10/20,19.01666666666667
20/10/20,9.120833333333334
21/10/20,9.066666666666666
22/10/20,18.942708333333332
23/10/20,31.3
24/10/20,28.316666666666663
25/10/20,12.283333333333335
26/10/20,27.78333333333333
27/10/20,23
28/10/20,20.075
29/10/20,13.566666666666666
30/10/20,4.454166666666667
31/10/20,12.333333333333332
01/11/20,9.774999999999999
02/11/20,2.5250000000000004
03/11/20,5.933333333333334
04/11/20,13.666666666666666
05/11/20,7.308333333333333
06/11/20,7.625
07/11/20,13.833333333333332
08/11/20,13.708333333333334
09/11/20,20.666666666666668
10/11/20,25.5375
11/11/20,27.358333333333338
12/11/20,17.491666666666667
13/11/20,34.075
14/11/20,27.3
15/11/20,10.041666666666666
16/11/20,4.908333333333333
17/11/20,5.620833333333333
18/11/20,6.95
19/11/20,13.483333333333334
20/11/20,13.866666666666669
21/11/20,6.3916666666666675
22/11/20,7.766666666666666
23/11/20,12.416666666666666
24/11/20,39.14583333333333
25/11/20,37.4
26/11/20,30.40833333333334
27/11/20,35.80833333333334
28/11/20,37.791666666666664
29/11/20,17.02916666666667
30/11/20,9.408333333333333
01/12/20,23.65833333333333
02/12/20,16.43333333333333
03/12/20,23.657666666666664
04/12/20,40.9875
05/12/20,34.7875
06/12/20,14.65
07/12/20,11.083333333333332
08/12/20,22.94166666666667
09/12/20,17.833333333333336
10/12/20,28.21666666666666
11/12/20,19.862499999999997
12/12/20,20.141666666666666
13/12/20,18.9
14/12/20,9.325
15/12/20,24.466666666666665
16/12/20,25.78333333333334
17/12/20,22.05
18/12/20,30.833333333333332
19/12/20,23.283333333333335
20/12/20,9.749999999999998
21/12/20,15.433333333333334
22/12/20,24.45
23/12/20,37.45
24/12/20,25.19166666666667
25/12/20,3.15
26/12/20,16.416666666666668
27/12/20,13.475
28/12/20,31.53333333333333
29/12/20,35.1
30/12/20,23.041666666666664
31/12/20,4.4
01/01/21,5.958333333333334
02/01/21,15.475
03/01/21,14.533333333333331
04/01/21,24.39166666666667
05/01/21,23.833333333333336
06/01/21,33.7
07/01/21,13.991666666666665
08/01/21,21.84166666666667
09/01/21,20.383333333333333
10/01/21,13.9375
11/01/21,18.941666666666666
12/01/21,27.26666666666667
13/01/21,24.608333333333338
14/01/21,24.316666666666666
15/01/21,30.1875
16/01/21,21.966666666666665
17/01/21,14.6
18/01/21,46.32083333333334
19/01/21,33.56666666666666
20/01/21,15.249999999999996
21/01/21,26.113636363636363
22/01/21,30.461363636363636
23/01/21,19.791666666666664
24/01/21,13.6
25/01/21,24.025
26/01/21,22.333333333333332
27/01/21,26.15833333333334
28/01/21,3.975
29/01/21,16.691666666666666
30/01/21,21.475
31/01/21,10.466666666666667
01/02/21,3.1083333333333334
02/02/21,18.733333333333334
03/02/21,33.025
04/02/21,41.80416666666666
05/02/21,29.344961240310077
06/02/21,9.431798245614035
07/02/21,4.445833333333334
08/02/21,14.3375
09/02/21,12.870833333333334
10/02/21,16.195833333333333
11/02/21,23.583333333333336
12/02/21,18.620833333333334
13/02/21,9.6625
14/02/21,6.054166666666666
15/02/21,15.195833333333335
16/02/21,21.295833333333334
17/02/21,12.917538759689922
18/02/21,33.30833333333334
19/02/21,22.058333333333334
20/02/21,21.233333333333338
21/02/21,11.283333333333333
22/02/21,21.879166666666666
23/02/21,16.050000000000004
24/02/21,20.741666666666667
25/02/21,23.325
26/02/21,22.333333333333336
27/02/21,10.841666666666667
28/02/21,5.933333333333334
01/03/21,15.5625
02/03/21,4.691666666666666
03/03/21,13.25
04/03/21,14.01666666666667
05/03/21,22.8375
06/03/21,3.6416666666666666
07/03/21,9.3375
08/03/21,10.399999999999999
09/03/21,14.15
10/03/21,28.241666666666667
11/03/21,26.8375
12/03/21,23
13/03/21,15.975
14/03/21,6.494999999999999
15/03/21,7.825
16/03/21,15
17/03/21,15.625
18/03/21,3.8916666666666666
19/03/21,12.983333333333334
20/03/21,13.741666666666669
21/03/21,6.05
22/03/21,16.866666666666667
23/03/21,15.5
24/03/21,18.695833333333333
25/03/21,16.775
26/03/21,18.776831501831502
27/03/21,12.683333333333334
28/03/21,7.95
29/03/21,4.075
30/03/21,15.048168498168499
31/03/21,15.075
01/04/21,2.654166666666667
02/04/21,2.4916666666666663
03/04/21,6.066666666666667
04/04/21,6.7333333333333325
05/04/21,13.933333333333334
06/04/21,12.9
07/04/21,19.733333333333334
08/04/21,18.208333333333336
09/04/21,11.083333333333332
10/04/21,12.391666666666667
11/04/21,8.775
12/04/21,17.97083333333333
13/04/21,11.976666666666667
14/04/21,15.308333333333334
15/04/21,12.2
16/04/21,18.575
17/04/21,18.8
18/04/21,10.108333333333334
19/04/21,29.014999999999997
20/04/21,24.775
21/04/21,17.025
22/04/21,17.133333333333333
23/04/21,14.333333333333332
24/04/21,17.0125
25/04/21,3.69
26/04/21,12.941666666666666
27/04/21,10.750000000000002
28/04/21,9.683333333333334
29/04/21,16.279166666666665
30/04/21,15.975
01/05/21,10.916666666666666
02/05/21,5.658333333333333
03/05/21,20.466666666666665
04/05/21,20.55833333333333
05/05/21,2.975
06/05/21,6.191666666666666
07/05/21,4.0625
08/05/21,8.766666666666666
09/05/21,4.591666666666667
10/05/21,7.241666666666665
11/05/21,8.316989247311827
12/05/21,11.170833333333333
13/05/21,6.9174999999999995
14/05/21,5.804166666666667
15/05/21,7.0875
16/05/21,4.0125
17/05/21,8.645510752688171
18/05/21,11.349999999999998
19/05/21,18.166666666666668
20/05/21,13.541666666666668
21/05/21,9.633333333333333
22/05/21,6.575
23/05/21,2.0166666666666666
24/05/21,3.775000000000001
25/05/21,9.075
26/05/21,11.183333333333334
27/05/21,8.516666666666667
28/05/21,13.57916666666667
29/05/21,5.458333333333334
30/05/21,4.091666666666667
31/05/21,9.525
01/06/21,10.066666666666666
02/06/21,4.299671052631579
03/06/21,6.854166666666667
04/06/21,14.1625
05/06/21,13.1125
06/06/21,5.842045454545454
07/06/21,11.2625
08/06/21,12.454495614035087
09/06/21,8.425
10/06/21,7.283333333333334
11/06/21,9.208333333333334
12/06/21,6.431666666666667
13/06/21,4.825000000000001
14/06/21,9.85
15/06/21,4.891666666666667
16/06/21,3.291666666666667
17/06/21,4.416666666666667
18/06/21,10.807222222222224
19/06/21,9.158333333333333
20/06/21,11.7
21/06/21,16.516666666666666
22/06/21,11.366666666666665
23/06/21,9.833333333333334
24/06/21,12.646666666666665
25/06/21,20.383333333333333
26/06/21,11.241666666666667
27/06/21,7.6833333333333345
28/06/21,12.916666666666666
29/06/21,14.205160256410256
30/06/21,11.817708333333332
01/07/21,10.25
02/07/21,16.983333333333334
03/07/21,19.708333333333336
04/07/21,15.15
05/07/21,16.45
06/07/21,15.866666666666665
07/07/21,16.2
08/07/21,8.025
09/07/21,11.3625
10/07/21,11.333333333333332
11/07/21,5.083333333333334
12/07/21,8.341666666666667
13/07/21,8.408333333333335
14/07/21,8.845833333333333
15/07/21,8.1
16/07/21,16.075
17/07/21,9.275
18/07/21,7.163333333333334
19/07/21,8.2875
20/07/21,10.21150641025641
21/07/21,11.066666666666666
22/07/21,10.6
23/07/21,16.091666666666665
24/07/21,11.635
25/07/21,6.872727272727273
26/07/21,16.5
27/07/21,18.87916666666667
28/07/21,5.508333333333333
29/07/21,5.525
30/07/21,8.192857142857143
31/07/21,12.774999999999999
01/08/21,10.608333333333333
02/08/21,14.933333333333332
03/08/21,12.483333333333333
04/08/21,11.845833333333335
05/08/21,7.991666666666667
06/08/21,7.0166666666666675
07/08/21,7.095833333333334
08/08/21,7.025
09/08/21,18.316666666666666
10/08/21,10.316666666666666
11/08/21,9.079166666666666
12/08/21,10.995833333333334
13/08/21,12.033333333333333
14/08/21,6.2
15/08/21,2.716666666666667
16/08/21,4.183333333333334
17/08/21,8.995000000000001
18/08/21,14.658333333333335
19/08/21,5.758333333333334
20/08/21,13.075
21/08/21,7.812500000000002
22/08/21,3.475
23/08/21,8.233333333333334
24/08/21,6.291666666666667
25/08/21,5.466666666666667
26/08/21,5.391666666666667
27/08/21,14.191666666666666
28/08/21,12.89166666666667
29/08/21,13.441666666666668
30/08/21,21.491666666666667
31/08/21,16.608333333333334
01/09/21,13.883333333333331
02/09/21,11.720833333333333
03/09/21,16.904166666666665
04/09/21,7.6083333333333325
05/09/21,5.616666666666667
06/09/21,9.2
07/09/21,17.116666666666667
08/09/21,15.23333333333333
09/09/21,7.233333333333334
10/09/21,4.183333333333334
11/09/21,4.1
12/09/21,3.3625
13/09/21,8.520833333333332
14/09/21,19.7
15/09/21,18.35
16/09/21,10.433333333333334
17/09/21,8.716666666666667
18/09/21,6.208333333333333
19/09/21,4.983333333333333
20/09/21,16.7
21/09/21,16.733333333333334
22/09/21,6.066666666666666
23/09/21,12.683333333333334
24/09/21,10.375000000000002
25/09/21,10.608333333333333
26/09/21,3.833333333333333
27/09/21,15.666666666666668
28/09/21,18.141666666666666
29/09/21,16.52916666666667
30/09/21,16.2
01/10/21,23.491666666666667
02/10/21,22.39166666666667
03/10/21,3.275
04/10/21,8.116666666666667
05/10/21,8.558333333333334
06/10/21,9.375
07/10/21,9.291666666666666
08/10/21,14.997900000000001
09/10/21,6.8916666666666675
10/10/21,14.033333333333335
11/10/21,13.616666666666665
12/10/21,31.25685483870968
13/10/21,32.05
14/10/21,27.395833333333332
15/10/21,20.883333333333333
16/10/21,11.55
17/10/21,4.325
18/10/21,17.041666666666664
19/10/21,25.06666666666667
20/10/21,16.783333333333335
21/10/21,7.908333333333334
22/10/21,9.303508771929826
23/10/21,14.341666666666665
24/10/21,10.766666666666666
25/10/21,39.40833333333334
26/10/21,34.74166666666667
27/10/21,24.025
28/10/21,26.111666666666668
29/10/21,17.652380952380955
30/10/21,24.766666666666666
31/10/21,15.908333333333335
01/11/21,13.257813852813854
02/11/21,13.791346153846154
03/11/21,24.904166666666665
04/11/21,20.070833333333333
05/11/21,14.4625
06/11/21,17.470833333333335
07/11/21,7.679166666666665
08/11/21,16.870833333333334
09/11/21,16.304166666666667
10/11/21,15.304166666666669
11/11/21,12.620663265306124
12/11/21,11.645833333333334
13/11/21,6.054166666666667
14/11/21,5.45
15/11/21,9.920833333333334
16/11/21,22.6375
17/11/21,19.87551948051948
18/11/21,29.525
19/11/21,9.158333333333335
20/11/21,11.474999999999998
21/11/21,11.525
22/11/21,9.3
23/11/21,9.366666666666667
24/11/21,27.825
25/11/21,24.741666666666667
26/11/21,10.504166666666668
27/11/21,28.083333333333332
28/11/21,15.293333333333333
29/11/21,10.745833333333332
30/11/21,24.570833333333336
01/12/21,22.445833333333336
02/12/21,20.2125
03/12/21,31.879166666666663
04/12/21,25.93333333333333
05/12/21,24.825
06/12/21,31.84583333333333
07/12/21,28.55
08/12/21,38.641666666666666
09/12/21,30.634375
10/12/21,31.8
11/12/21,30.625
12/12/21,10.083333333333334
13/12/21,27.19166666666667
14/12/21,34.583333333333336
15/12/21,33.28333333333333
16/12/21,35.125
17/12/21,35.4625
18/12/21,28.958333333333332
19/12/21,19.825
20/12/21,33.391666666666666
21/12/21,40.72401960784314
22/12/21,43.28333333333334
23/12/21,53.31666666666668
24/12/21,58.34166666666666
25/12/21,17.18333333333333
26/12/21,29.275
27/12/21,38.400000000000006
28/12/21,27.5
29/12/21,30.929166666666664
30/12/21,41.791666666666664
31/12/21,31.60833333333333
01/01/22,15.895833333333332
02/01/22,18.70757575757576
03/01/22,9.741666666666667
04/01/22,35.175
05/01/22,38.50833333333333
06/01/22,41.983333333333334
07/01/22,41.175
08/01/22,32.358333333333334
09/01/22,11.675
10/01/22,11.104166666666666
11/01/22,10.904166666666667
12/01/22,33.025
13/01/22,30.325
14/01/22,38.09166666666666
15/01/22,22.3
16/01/22,13.6
17/01/22,27.483333333333338
18/01/22,28.98333333333333
19/01/22,31.116666666666664
20/01/22,22.715
21/01/22,15.856944444444443
22/01/22,7.191666666666667
23/01/22,13.241666666666669
24/01/22,24.48333333333333
25/01/22,24.291666666666668
26/01/22,30.89541484716157
27/01/22,21.233333333333334
28/01/22,31.751580459770118
29/01/22,6.962499999999999
30/01/22,14.145833333333334
31/01/22,9.429166666666665
01/02/22,16.137500000000003
02/02/22,21.98333333333333
03/02/22,27.675
04/02/22,24.912918486171765
05/02/22,16.466666666666665
06/02/22,18.425
07/02/22,15.084999999999999
08/02/22,13.283333333333331
09/02/22,29.55
10/02/22,37.02916666666667
11/02/22,31.28333333333333
12/02/22,22.85833333333333
13/02/22,2.64
14/02/22,16.45
15/02/22,21.71666666666667
16/02/22,20.35130434782609
17/02/22,24.200000000000003
18/02/22,23.69770249221184
19/02/22,15.754166666666668
20/02/22,9.279166666666665
21/02/22,16.711195652173913
22/02/22,30.50229750778816
23/02/22,22.892892156862747
24/02/22,25.702941176470585
25/02/22,14.775
26/02/22,11.36875
27/02/22,9.347916666666666
28/02/22,17.191666666666666
01/03/22,31.075
02/03/22,29.92083333333333
03/03/22,23.338095238095235
04/03/22,18.108333333333334
05/03/22,17.879166666666666
06/03/22,11.108333333333333
07/03/22,15.308333333333334
08/03/22,19.96666666666667
09/03/22,26.243503350707375
10/03/22,23.17083333333333
11/03/22,25.25
12/03/22,6.416666666666667
13/03/22,11.5
14/03/22,17.916666666666664
15/03/22,26.65833333333334
16/03/22,23.633333333333333
17/03/22,27.675
18/03/22,19.833333333333336
19/03/22,10.333333333333334
20/03/22,8.993649045521291
21/03/22,8.666666666666666
22/03/22,17.066666666666666
23/03/22,26.275
24/03/22,20.2
25/03/22,15.616666666666669
26/03/22,15.15
27/03/22,15.417179487179487
28/03/22,14.554166666666665
29/03/22,17.918850954478707
30/03/22,17.53333333333333
31/03/22,23.491666666666664
01/04/22,21.54948717948718
02/04/22,17.285000000000004
03/04/22,9.35
04/04/22,24.1
05/04/22,16.058333333333334
06/04/22,21.216666666666665
07/04/22,2.7583333333333333
08/04/22,10.316666666666666
09/04/22,16.4
10/04/22,16.575
11/04/22,22.070833333333333
12/04/22,14.108333333333334
13/04/22,21.608333333333334
14/04/22,11.85
15/04/22,4.191666666666666
16/04/22,7.191666666666667
17/04/22,9.158333333333333
18/04/22,16.075
19/04/22,5.208333333333334
20/04/22,11.741666666666665
21/04/22,14
22/04/22,8.866666666666667
23/04/22,14.875
24/04/22,9.066666666666666
25/04/22,19.525
26/04/22,5.791666666666666
27/04/22,4.741666666666667
28/04/22,18.408333333333335
29/04/22,19.8625
30/04/22,14.108333333333334
01/05/22,5.216666666666667
02/05/22,15.45
03/05/22,15.6
04/05/22,16.516666666666666
05/05/22,13.8625
06/05/22,16.012500000000003
07/05/22,14.4
08/05/22,8.308333333333334
09/05/22,17.7
10/05/22,15.48333333333333
11/05/22,5.675
12/05/22,7.75
13/05/22,13.9875
14/05/22,17.486666666666668
15/05/22,7.729166666666667
16/05/22,17.445833333333333
17/05/22,15.316666666666668
18/05/22,18.675
19/05/22,8.575
20/05/22,8.091666666666665
21/05/22,10.433333333333334
22/05/22,8.641666666666666
23/05/22,7.9125
24/05/22,14.2125
25/05/22,18.183333333333334
26/05/22,8.789465852130325
27/05/22,6.0458333333333325
28/05/22,8.491666666666667
29/05/22,7.3583333333333325
30/05/22,5.769345238095238
31/05/22,5.754166666666666
01/06/22,7.90952381
02/06/22,5.745
03/06/22,8.171666666666667
04/06/22,12.182142857142855
05/06/22,5.8375
06/06/22,14.091666666666669
07/06/22,11.243910256410256
08/06/22,7.4541666666666675
09/06/22,8.062499999999998
10/06/22,10.855873493975903
11/06/22,15.129166666666668
12/06/22,7.7041666666666675
13/06/22,13.195833333333335
14/06/22,9.662499999999998
15/06/22,11.445833333333333
16/06/22,8.341666666666665
17/06/22,9.400000000000002
18/06/22,4.666666666666667
19/06/22,4.116666666666666
20/06/22,10.483333333333334
21/06/22,7.683333333333333
22/06/22,7.45
23/06/22,9.266666667
24/06/22,16.35833333333333
25/06/22,13.425
26/06/22,5.858333333333334
27/06/22,6.075
28/06/22,12.641666666666666
29/06/22,6.258333333333333
30/06/22,7.666666666666667
01/07/22,14.735256410256408
02/07/22,12.916666666666666
03/07/22,2.498076923076923
04/07/22,5.525
05/07/22,13.108333333333334
06/07/22,11.275
07/07/22,7.161666666666667
08/07/22,6.741666666666667
09/07/22,5.058333333333333
10/07/22,4.775
11/07/22,11.645833333333332
12/07/22,15.929166666666665
13/07/22,8.858333333333334
14/07/22,5.65
15/07/22,7.6083333333333325
16/07/22,9.066666666666666
17/07/22,5.708333333333333
18/07/22,17.633333333333333
19/07/22,20.949999999999996
20/07/22,13.366666666666665
21/07/22,15.091666666666669
22/07/22,11.887687969924812
23/07/22,5.979166666666667
24/07/22,4.579166666666667
25/07/22,10.3875
26/07/22,12.179166666666667
27/07/22,12.895833333333332
28/07/22,16.07916666666667
29/07/22,14.504166666666668
30/07/22,9.729166666666666
31/07/22,3.604166666666667
01/08/22,7.4375
02/08/22,13.433333333333334
03/08/22,14.7625
04/08/22,17.520833333333336
05/08/22,12.970833333333335
06/08/22,9.0375
07/08/22,4.770833333333334
08/08/22,6.8625
09/08/22,9.629166666666666
10/08/22,14.837500000000002
11/08/22,7.320833333333335
12/08/22,9.204166666666667
13/08/22,11.808333333333334
14/08/22,6.420833333333334
15/08/22,13.48333333333333
16/08/22,19.904166666666665
17/08/22,18.75
18/08/22,14.775
19/08/22,21.675000000000004
20/08/22,11.183333333333334
21/08/22,6.483333333333334
22/08/22,17.174999999999997
23/08/22,16.166666666666664
24/08/22,14.01867816091954
25/08/22,8.072988505747126
26/08/22,10.8
27/08/22,15.925
28/08/22,3.95
29/08/22,11.782017543859649
30/08/22,13.479166666666668
31/08/22,10.794999999999998
01/09/22,10.550833333333333
02/09/22,7.883333333333333
03/09/22,6.433333333333333
04/09/22,4.533333333333333
05/09/22,14.911458333333332
06/09/22,16.84
07/09/22,15.800213675213675
08/09/22,9.250961538461539
09/09/22,17.883333333333333
10/09/22,17.008333333333333
11/09/22,2.666666666666667
12/09/22,5.433333333333333
13/09/22,7.041666666666666
14/09/22,9.95
15/09/22,7.925
16/09/22,3.725
17/09/22,6.6916666666666655
18/09/22,8.2
19/09/22,14.075
20/09/22,9.15
21/09/22,8.4
22/09/22,6.866666666666667
23/09/22,8.1
24/09/22,9.083333333333332
25/09/22,7.083333333333333
26/09/22,7.6416666666666675
27/09/22,6.775
28/09/22,7.208333333333333
29/09/22,4.799122807017544
30/09/22,9.466666666666665
01/10/22,13.375
02/10/22,10.225
03/10/22,11.316666666666666
04/10/22,18.025
05/10/22,16.264166666666668
06/10/22,9.543750000000001
07/10/22,10.233333333333334
08/10/22,7.950000000000001
09/10/22,4.991666666666666
10/10/22,8.766666666666667
11/10/22,17.15
12/10/22,19.258333333333333
13/10/22,16.383333333333333
14/10/22,16.916666666666664
15/10/22,11.708333333333334
16/10/22,7.1083333333333325
17/10/22,14.808333333333334
18/10/22,13.446875
19/10/22,9.425
20/10/22,18.000000000000004
21/10/22,20.733333333333334
22/10/22,18.483333333333334
23/10/22,10.625
24/10/22,17.275
25/10/22,18.05
26/10/22,20.358333333333334
27/10/22,18.5125
28/10/22,21.583333333333336
29/10/22,6.95
30/10/22,6.35
31/10/22,14.241562716562715
01/11/22,15.583333333333332
02/11/22,6.266666666666667
03/11/22,24.941666666666663
04/11/22,25.55833333333333
05/11/22,22.53333333333333
06/11/22,11.233333333333333
07/11/22,19.958333333333336
08/11/22,7.6
09/11/22,18.633333333333333
10/11/22,31.65833333333333
11/11/22,20.4
12/11/22,18.15
13/11/22,9.691666666666666
14/11/22,18.9375
15/11/22,23.380980392156864
16/11/22,11.866666666666667
17/11/22,18.616666666666667
18/11/22,11.644019607843138
19/11/22,17.45
20/11/22,7.208333333333333
21/11/22,6.3791666666666655
22/11/22,21.137499999999996
23/11/22,24.958333333333336
24/11/22,35.208333333333336
25/11/22,33.6125
26/11/22,30.020833333333332
27/11/22,23.824999999999996
28/11/22,28.13958333333333
29/11/22,26.50208333333334
30/11/22,13.058333333333334
01/12/22,10.333333333333334
02/12/22,25.15
03/12/22,20.85
04/12/22,6.6
05/12/22,36.233333333333334
06/12/22,48.99166666666667
07/12/22,40.574999999999996
08/12/22,33.775
09/12/22,25.625
10/12/22,27.81666666666667
11/12/22,15.716666666666665
12/12/22,31.883333333333333
13/12/22,27.96666666666666
14/12/22,25.85833333333333
15/12/22,38.041666666666664
16/12/22,46.775
17/12/22,21.099999999999998
18/12/22,19.641666666666666
19/12/22,28.825
20/12/22,28.05833333333333
21/12/22,24.22083333333333
22/12/22,31.058333333333337
23/12/22,7.841666666666666
24/12/22,23.75
25/12/22,7.05
26/12/22,17.349999999999998
27/12/22,16.158333333333335
28/12/22,26.721666666666664
29/12/22,25.6375
30/12/22,30.56666666666667
31/12/22,15.475
01/01/23,16.3
02/01/23,21.541666666666664
03/01/23,23.635
04/01/23,25.19166666666667
05/01/23,20.025
06/01/23,20.554166666666667
07/01/23,22.741666666666664
08/01/23,15.283333333333331
09/01/23,21.109166666666667
10/01/23,22.01666666666667
11/01/23,29.116666666666664
12/01/23,30.35
13/01/23,6.595833333333334
14/01/23,19.795833333333338
15/01/23,20.475
16/01/23,24.008333333333333
17/01/23,36.2
18/01/23,29.675
19/01/23,33.725
20/01/23,30.35
21/01/23,21.813333333333333
22/01/23,9.645098039215686
23/01/23,18.683333333333334
24/01/23,23
25/01/23,32.33897435897436
26/01/23,19.21527777777778
27/01/23,18.75138888888889
28/01/23,20.71666666666667
29/01/23,16.05833333333333
30/01/23,30.116666666666667
31/01/23,31.679166666666667
01/02/23,21.958333333333336
02/02/23,28.52916666666667
03/02/23,6.833333333333333
04/02/23,13.908333333333335
05/02/23,8.970833333333333
06/02/23,10.9
07/02/23,25.146280991735537
08/02/23,21.695833333333333
09/02/23,9.909774436090226
10/02/23,17.3
11/02/23,8.845833333333333
12/02/23,9.95
13/02/23,20.07916666666667
14/02/23,26.391228070175437
15/02/23,25.008333333333333
16/02/23,27.179166666666664
17/02/23,11.591666666666667
18/02/23,19.7625
19/02/23,10.76666666666667
20/02/23,22.77843137254902
21/02/23,20.308333333333334
22/02/23,15.05
23/02/23,20.295833333333334
24/02/23,15.958333333333334
25/02/23,10.2
26/02/23,12.991666666666665
27/02/23,23.195833333333333
28/02/23,27.7
01/03/23,23.191666666666666
02/03/23,23.033333333333335
03/03/23,22.591666666666665
04/03/23,20.15833333333333
05/03/23,10.420833333333333
06/03/23,19.64166666666667
07/03/23,25.033333333333335
08/03/23,24.84166666666667
09/03/23,22.85
10/03/23,24.89166666666667
11/03/23,19.05
12/03/23,11.366666666666667
13/03/23,12.775000000000002
14/03/23,23.38347183748846
15/03/23,10.070081967213113
16/03/23,15.929166666666665
17/03/23,15.450751366120215
18/03/23,10.641666666666666
19/03/23,6.208333333333333
20/03/23,9.066666666666666
21/03/23,15.799999999999997
22/03/23,18.025
23/03/23,12.533333333333335
24/03/23,11.166666666666668
25/03/23,9.85
26/03/23,9.583333333333332
27/03/23,18.15
28/03/23,12.670833333333333
29/03/23,10.583835854819236
30/03/23,17.85
31/03/23,18.27916666666666
01/04/23,9.483333333333333
02/04/23,6.158333333333333
03/04/23,8.491666666666667
04/04/23,16.041666666666668
05/04/23,15.491666666666665
06/04/23,3.0083333333333333
07/04/23,2.975
08/04/23,3.7667994687915005
09/04/23,4.575000000000001
10/04/23,8.0625
11/04/23,9.152166666666666
12/04/23,8.429166666666665
13/04/23,11.816500000000001
14/04/23,15.020833333333334
15/04/23,14.1375
16/04/23,4.845833333333333
17/04/23,8.416666666666666
18/04/23,18.22361111111111
19/04/23,15.488888888888889
20/04/23,15.325
21/04/23,13.475
22/04/23,9.166666666666668
23/04/23,9.379166666666666
24/04/23,7.2625
25/04/23,9.258333333333333
26/04/23,13.370833333333334
27/04/23,17.425320512820512
28/04/23,11.429166666666665
29/04/23,11.333333333333332
30/04/23,5.895833333333334
01/05/23,7.1291666666666655
02/05/23,10.791666666666666
03/05/23,10.913970588235292
04/05/23,7.2666666666666675
05/05/23,9.9625
06/05/23,12.204166666666666
07/05/23,5.620833333333334
08/05/23,6.895833333333333
09/05/23,19.0125
10/05/23,18.358333333333334
11/05/23,26.90833333333334
12/05/23,18.558333333333334
13/05/23,13.6625
14/05/23,8.996969696969696
15/05/23,10.741666666666667
16/05/23,15.908333333333335
17/05/23,15.954166666666666
18/05/23,12.483333333333333
19/05/23,13.358333333333334
20/05/23,11.208333333333334
21/05/23,3.2666666666666666
22/05/23,11.033333333333333
23/05/23,17.216666666666665
24/05/23,8.612499999999999
25/05/23,11.491666666666665
26/05/23,6.058333333333333
27/05/23,4.908333333333333
28/05/23,3.5124999999999993
29/05/23,16.1
30/05/23,19.625
31/05/23,7.6916666666666655
01/06/23,6.854166666666666
02/06/23,10.966666666666667
03/06/23,9.208333333333332
04/06/23,3.8583333333333334
05/06/23,6.966666666666667
06/06/23,6.941666666666667
07/06/23,10.741666666666667
08/06/23,16.404411764705884
09/06/23,13.275
10/06/23,13.225
11/06/23,5.970833333333333
12/06/23,14.933333333333334
13/06/23,12.204166666666667
14/06/23,11.175
15/06/23,7.775
16/06/23,5.066666666666666
17/06/23,6.675
18/06/23,5.383333333333333
19/06/23,6.85
20/06/23,7.699999999999998
21/06/23,10.5
22/06/23,6.691666666666667
23/06/23,4.595833333333333
24/06/23,4.558333333333334
25/06/23,2.3583333333333334
26/06/23,7.466666666666666
27/06/23,6.541666666666667
28/06/23,6.374999999999999
29/06/23,11.283333333333333
30/06/23,11.441666666666666
01/07/23,10.941666666666666
02/07/23,3.7166666666666663
03/07/23,6.758928571428572
04/07/23,4.491666666666666
05/07/23,4.9
06/07/23,5.558333333333334
07/07/23,13.066666666666666
08/07/23,7.441666666666667
09/07/23,3.2
10/07/23,7.320833333333335
11/07/23,11.941666666666668
12/07/23,14.783333333333335
13/07/23,11.35
14/07/23,11.3
15/07/23,6.008333333333333
16/07/23,2.533333333333333
17/07/23,5.433333333333334
18/07/23,5.562499999999999
19/07/23,5.708333333333334
20/07/23,6.283333333333333
21/07/23,10.966666666666667
22/07/23,8.898809523809524
23/07/23,4.30952381
24/07/23,6.641666666666666
25/07/23,10.225
26/07/23,12.816666666666666
27/07/23,15.450980392156861
28/07/23,14.033333333333335
29/07/23,9.695833333333333
30/07/23,5.525
31/07/23,7.55
01/08/23,8.344354838709677
02/08/23,7.663333333333334
03/08/23,9.043145161290322
04/08/23,10.591666666666665
05/08/23,9.970833333333333
06/08/23,4.233333333333333
07/08/23,14.19722222222222
08/08/23,8.216666666666665
09/08/23,8.441666666666666
10/08/23,8.091666666666667
11/08/23,17.020833333333332
12/08/23,9.575
13/08/23,4.041666666666667
14/08/23,6.933333333333333
15/08/23,8.641666666666667
16/08/23,13.033333333333335
17/08/23,14.575
18/08/23,14.241666666666669
19/08/23,8.569753086419754
20/08/23,5.875
21/08/23,7.0583333333333345
22/08/23,7.713580247
23/08/23,7.533333333333333
24/08/23,7.041666666666666
25/08/23,7.690196078431373
26/08/23,7
27/08/23,4.008333333333333
28/08/23,8.05
29/08/23,9.55
30/08/23,9.545833333333334
31/08/23,5.05
01/09/23,9.620833333333334
02/09/23,4.195833333333334
03/09/23,3.25
04/09/23,12.975
05/09/23,14.375
06/09/23,14.7
07/09/23,9.183333333333334
08/09/23,5.766666666666667
09/09/23,5.666666666666667
10/09/23,2.825
11/09/23,6.975
12/09/23,8.083333333333332
13/09/23,7.341666666666667
14/09/23,8.925
15/09/23,8.216666666666667
16/09/23,5.441666666666666
17/09/23,3.4416666666666664
18/09/23,7.875
19/09/23,9.575
20/09/23,14.683333333333332
21/09/23,10
22/09/23,5.183333333333333
23/09/23,10.816666666666666
24/09/23,9.279166666666665
25/09/23,10.025
26/09/23,5.329166666666667
27/09/23,11.109264184397164
28/09/23,8.7625
29/09/23,6.3760162601626025
30/09/23,7.1416666666666675
01/10/23,3.3416666666666663
02/10/23,7.1416666666666675
03/10/23,8.120833333333334
04/10/23,13.041666666666666
05/10/23,13.45
06/10/23,7.883333333333333
07/10/23,5.538333333333334
08/10/23,3.875
09/10/23,11.866666666666667
10/10/23,11.183333333333334
11/10/23,11.133333333333333
12/10/23,23.324999999999996
13/10/23,14.575
14/10/23,8.9
15/10/23,3.2
16/10/23,6.825
17/10/23,11.583333333333334
18/10/23,23.875
19/10/23,17.108333333333334
20/10/23,9.571138211382115
21/10/23,15.058333333333334
22/10/23,7.695528455284553
23/10/23,15.433333333333332
24/10/23,14.508333333333331
25/10/23,23.525392156862743
26/10/23,22.95
27/10/23,14.058333333333334
28/10/23,8.416666666666668
29/10/23,11.108333333333334
30/10/23,11.508333333333331
31/10/23,17.195833333333333
01/11/23,9.441666666666666
02/11/23,10.341666666666667
03/11/23,21.1
04/11/23,17.725
05/11/23,13.958333333333334
06/11/23,17.308333333333334
07/11/23,20.454166666666666
08/11/23,17.491666666666667
09/11/23,18.06666666666667
10/11/23,21.475
11/11/23,6.125
12/11/23,5.791666666666667
13/11/23,12.925
14/11/23,10.708333333333334
15/11/23,20.499999999999996
16/11/23,34.35
17/11/23,45.591666666666676
18/11/23,23.091666666666665
19/11/23,28.96666666666666
20/11/23,15.183333333333334
21/11/23,15.025
22/11/23,20.204166666666666
23/11/23,25.775
24/11/23,39.88333333333333
25/11/23,30.166666666666664
26/11/23,21.983333333333338
27/11/23,9.416666666666668
28/11/23,12.941666666666666
29/11/23,25.36666666666667
30/11/23,26.98333333333333
01/12/23,35.52291666666667
02/12/23,23.1
03/12/23,8.075
04/12/23,9.45
05/12/23,18.716666666666665
06/12/23,10.641666666666667
07/12/23,17.874999999999996
08/12/23,47.225
09/12/23,28.875000000000007
10/12/23,7.408333333333333
11/12/23,27.141666666666662
12/12/23,16.166666666666664
13/12/23,28.258333333333333
14/12/23,21.283333333333335
15/12/23,18.166666666666664
16/12/23,13.433333333333334
17/12/23,9.658333333333333
18/12/23,28.413333333333334
19/12/23,18.915882352941175
20/12/23,31.15416666666666
21/12/23,30.012499999999996
22/12/23,28.66328431372549
23/12/23,26.979166666666664
24/12/23,17.191666666666666
25/12/23,13.791666666666666
26/12/23,16.3731982
27/12/23,23.11013513513513
28/12/23,30.3625
29/12/23,23.299999999999997
30/12/23,19.166666666666668
31/12/23,15.65
01/01/24,12.541666666666668
02/01/24,20.200000000000003
03/01/24,24.133333333333333
04/01/24,19.65906862745098
05/01/24,18.791666666666668
06/01/24,21.645833333333336
07/01/24,21.14166666666667
08/01/24,19.637500000000003
09/01/24,26.93333333333333
10/01/24,24.116885964912278
11/01/24,26.57894736842105
12/01/24,45.43749999999999
13/01/24,36.62083333333333
14/01/24,25.125000000000004
15/01/24,37.7625
16/01/24,46.38333333333334
17/01/24,34.484057971014494
18/01/24,34.80833333333334
19/01/24,37.383333333333326
20/01/24,6.6291666666666655
21/01/24,17.400000000000002
22/01/24,24.48627450980392
23/01/24,31.09166666666667
24/01/24,29.73333333333333
25/01/24,42.358333333333334
26/01/24,41.625
27/01/24,25.979166666666668
28/01/24,6.825
29/01/24,14.319999999999999
30/01/24,31.112500000000004
31/01/24,31.525
01/02/24,31.104166666666664
02/02/24,40.325
03/02/24,17.700806451612902
04/02/24,10.651388888888889
05/02/24,9.203494623655914
06/02/24,40.16653225806452
07/02/24,38.65416666666667
08/02/24,32.483333333333334
09/02/24,37.18373015873016
10/02/24,19.958333333333336
11/02/24,10.5875
12/02/24,26.075
13/02/24,20.483333333333334
14/02/24,20.275000000000002
15/02/24,16.799999999999997
16/02/24,17.37638888888889
17/02/24,10.3125
18/02/24,7.908333333333334
19/02/24,28.95
20/02/24,33.358333333333334
21/02/24,29.93333333333333
22/02/24,34.724999999999994
23/02/24,32.266666666666666
24/02/24,9.466666666666667
25/02/24,16.15
26/02/24,32.30833333333333
27/02/24,26.116666666666664
28/02/24,19.995833333333334
29/02/24,9.658333333333333
01/03/24,21.272701149425288
02/03/24,17.737500000000004
03/03/24,8.520833333333332
04/03/24,17.608333333333334
05/03/24,20.258333333333333
06/03/24,24.76666666666667
07/03/24,17.06666666666667
08/03/24,32.55833333333334
09/03/24,17.933333333333334
10/03/24,5.620833333333334
11/03/24,22.491666666666667
12/03/24,19.691666666666666
13/03/24,21.204166666666666
14/03/24,20.841666666666665
15/03/24,24.05
16/03/24,16.9
17/03/24,10.98611111111111
18/03/24,14.358333333333334
19/03/24,5.958333333333334
20/03/24,15.26666666666667
21/03/24,17.4125
22/03/24,18.76666666666667
23/03/24,10.400000000000002
24/03/24,8.033333333333333
25/03/24,14.357107843137253
26/03/24,19.030392156862746
27/03/24,25.420833333333334
28/03/24,4.666666666666666
29/03/24,8.116666666666667
30/03/24,6.416666666666667
31/03/24,5.458333333333334
01/04/24,11
02/04/24,14.058333333333332
03/04/24,15.905555555555555
04/04/24,14.216666666666669
05/04/24,17.775
06/04/24,13.62608695652174
07/04/24,6.416666666666667
08/04/24,9.920833333333333
09/04/24,11.925
10/04/24,5.725
11/04/24,5.475
12/04/24,9.591666666666667
13/04/24,7.608333333333334
14/04/24,4.604166666666666
15/04/24,11.937499999999998
16/04/24,8.725
17/04/24,7.908333333333333
18/04/24,9.758333333333333
19/04/24,7.679166666666667
20/04/24,8.45
21/04/24,6.775
22/04/24,8.608333333333333
23/04/24,12.73472222222222
24/04/24,18.05833333333333
25/04/24,12.425
26/04/24,10.729166666666668
27/04/24,10.116666666666667
28/04/24,4.566666666666666
29/04/24,15.908333333333335
30/04/24,12.866666666666665
01/05/24,6.104166666666666
02/05/24,7.933333333333333
03/05/24,16.1125
04/05/24,10.766666666666667
05/05/24,5.928828257191201
06/05/24,8.991666666666665
07/05/24,8.325
08/05/24,12.149999999999999
09/05/24,10.70125
10/05/24,9.216666666666667
11/05/24,5.220833333333333
12/05/24,5.1416666666666675
13/05/24,6.9125
14/05/24,9.725
15/05/24,6.85
16/05/24,8.883333333333335
17/05/24,9.333333333333332
18/05/24,6.683333333333333
19/05/24,4.2375
20/05/24,7.7125
21/05/24,8.85
22/05/24,6.778205128205127
23/05/24,13.31698717948718
24/05/24,11.358333333333333
25/05/24,8.233333333333334
26/05/24,5.804166666666666
27/05/24,9.175
28/05/24,7.395833333333333
29/05/24,5.108671742808799
30/05/24,15.904166666666665
31/05/24,15.395833333333332
01/06/24,8.6
02/06/24,4.5166666666666675
03/06/24,8.754166666666666
04/06/24,6.178070175438597
05/06/24,11.0625
06/06/24,10.575
07/06/24,3.6833333333333336
08/06/24,6.442261904761905
09/06/24,3.9666666666666663
10/06/24,7.154166666666667
11/06/24,4.375
12/06/24,3.425
13/06/24,5.546875
14/06/24,4.432291666666666
15/06/24,2.7375
16/06/24,1.5375
17/06/24,5.058333333333334
18/06/24,6.5
19/06/24,5.808333333333334
20/06/24,6.741666666666667
21/06/24,6.075
22/06/24,3.4666666666666672
23/06/24,5.749999999999999
24/06/24,9.825
25/06/24,7.7666666666666675
26/06/24,11.416666666666668
27/06/24,9.45
28/06/24,16.75
29/06/24,14.683333333333332
30/06/24,3.7
01/07/24,10.820833333333331
02/07/24,8.591666666666667
03/07/24,8.508333333333333
04/07/24,11.741666666666665
05/07/24,8.466666666666665
06/07/24,6.8166666666666655
07/07/24,4.475
08/07/24,7.891666666666666
09/07/24,6.552777777777777
10/07/24,9.525
11/07/24,15.075
12/07/24,9.258333333333335
13/07/24,6.875
14/07/24,4.332017543859648
15/07/24,10.345065789473683
16/07/24,18.133333333333333
17/07/24,7.883333333333333
18/07/24,6.866666666666665
19/07/24,18.1375
20/07/24,8.575
21/07/24,3.6
22/07/24,18.783333333333335
23/07/24,19.075000000000003
24/07/24,12.691666666666666
25/07/24,10.325
26/07/24,16.821052631578947
27/07/24,13.441666666666668
28/07/24,10.058333333333334
29/07/24,7.833333333333334
30/07/24,11.991666666666667
31/07/24,12.241666666666667
01/08/24,7.813513513513515
02/08/24,8.648986486486487
03/08/24,9.341666666666667
04/08/24,6.6125
05/08/24,8.066666666666666
06/08/24,8.133333333333335
07/08/24,6.558333333333333
08/08/24,9.558333333333334
09/08/24,8.966666666666667
10/08/24,5.758333333333333
11/08/24,4.2
12/08/24,9.591666666666667
13/08/24,7.691666666666667
14/08/24,7.3583333333333325
15/08/24,9.216666666666667
16/08/24,9.791666666666668
17/08/24,9.083333333333334
18/08/24,3.425
19/08/24,5.8125
20/08/24,6.509523809523809
21/08/24,7.066666666666667
22/08/24,8.366666666666665
23/08/24,9.416666666666666
24/08/24,10.066666666666666
25/08/24,5.3916666666666675
26/08/24,9.916666666666668
27/08/24,9.304166666666667
28/08/24,7.504166666666667
29/08/24,10.18640350877193
30/08/24,9.233333333333333
31/08/24,9.283333333333333
01/09/24,4.383333333333334
02/09/24,7.3
03/09/24,7.9799999999999995
04/09/24,9.501754385964912
05/09/24,6.8083333333333345
06/09/24,6.227083333333333
07/09/24,3.9
08/09/24,1.675
09/09/24,12.291666666666668
10/09/24,10.374999999999998
11/09/24,13.621734234234234
12/09/24,17.420833333333334
13/09/24,10.304166666666665
14/09/24,9.129166666666666
15/09/24,4.689166666666667
16/09/24,7.0875
17/09/24,9.370833333333334
18/09/24,11.366666666666665
19/09/24,10.973333333333333
20/09/24,12.1
21/09/24,9.674999999999999
22/09/24,5.033333333333333
23/09/24,9.379166666666666
24/09/24,10.341666666666667
25/09/24,12.030208333333334
26/09/24,22.199999999999996
27/09/24,25.64166666666667
28/09/24,25.341666666666665
29/09/24,4.375
30/09/24,6.5666666666666655
01/10/24,3.2333333333333334
02/10/24,5.591666666666667
03/10/24,10.716666666666667
04/10/24,7.758333333333333
05/10/24,7.216666666666667
06/10/24,6.125
07/10/24,8.766666666666666
08/10/24,6.566666666666667
09/10/24,7.675
10/10/24,16.60833333333333
11/10/24,10.4875
12/10/24,6.958333333333334
13/10/24,5.8
14/10/24,12.925
15/10/24,15.525
16/10/24,20.641666666666666
17/10/24,7.1916666666666655
18/10/24,11.325
19/10/24,3.9916666666666663
20/10/24,3.325
21/10/24,13.208333333333332
22/10/24,7.189583333333333
23/10/24,9.677083333333332
24/10/24,9.233434959349594
25/10/24,15.066666666666668
26/10/24,7.895833333333333
27/10/24,5.516666666666667
28/10/24,12.291666666666666
29/10/24,17.304166666666667
30/10/24,16.855
31/10/24,14.875
01/11/24,8.7375
02/11/24,8.5
03/11/24,8.241666666666665
04/11/24,15.691666666666668
05/11/24,16.85
06/11/24,16.425
07/11/24,16.580612244897964
08/11/24,23.28333333333333
09/11/24,20.025000000000002
10/11/24,14.733333333333334
11/11/24,22.355208333333337
12/11/24,22.791666666666668
13/11/24,21.800731707317077
14/11/24,8.991666666666667
15/11/24,26.03333333333333
16/11/24,28.025
17/11/24,14.325
18/11/24,13.15
19/11/24,25.71666666666667
20/11/24,11.75
21/11/24,11.591666666666665
22/11/24,28.691666666666663
23/11/24,29.93333333333333
24/11/24,22.816666666666666
25/11/24,34.95
26/11/24,28.09166666666667
27/11/24,52.416666666666664
28/11/24,54.51666666666667
29/11/24,39.33333333333333
30/11/24,23.10833333333333
01/12/24,20.666666666666668
02/12/24,30.94166666666667
03/12/24,21.75
04/12/24,26.141666666666662
05/12/24,29.52418414918415
06/12/24,17.174999999999997
07/12/24,13.558333333333332
08/12/24,17.87047619047619
09/12/24,33.329166666666666
10/12/24,31.291666666666664
11/12/24,8.947549019607843
12/12/24,28.25
13/12/24,28.3
14/12/24,26.75
15/12/24,15.375
16/12/24,33.216666666666676
17/12/24,11.508333333333335
18/12/24,10.866666666666665
19/12/24,7.108333333333334
20/12/24,14.866666666666669
21/12/24,7.083333333333334
22/12/24,6.466666666666667
23/12/24,37
24/12/24,26.78333333333333
25/12/24,10.391666666666666
26/12/24,19.883333333333333
27/12/24,32.61525157232704
28/12/24,21.7
29/12/24,13.175
30/12/24,24.483333333333334
31/12/24,19.458333333333332
01/01/25,6.308333333333334
02/01/25,14.101415094339623
03/01/25,15.025
04/01/25,13.775320512820514
05/01/25,12.925
06/01/25,25.241666666666664
07/01/25,25.083333333333332
08/01/25,17.883333333333333
09/01/25,20.9125
10/01/25,11.5
11/01/25,8.575
12/01/25,11.916666666666668
13/01/25,34.75833333333333
14/01/25,31.491666666666667
15/01/25,20.39166666666667
16/01/25,26.305
17/01/25,23.091666666666665
18/01/25,17.525
19/01/25,13.808333333333334
20/01/25,18.758333333333333
21/01/25,21.941666666666666
22/01/25,34.175
23/01/25,23.520833333333336
24/01/25,13.834384384384384
25/01/25,16.95
26/01/25,11.1
27/01/25,29.35833333333333
28/01/25,29.866666666666667
29/01/25,21.441666666666666
30/01/25,32.66666666666667
31/01/25,26.116666666666667
01/02/25,8.741666666666667
02/02/25,11.008333333333333
03/02/25,12.25
04/02/25,18.333333333333336
05/02/25,21.150000000000002
06/02/25,24.041666666666664
07/02/25,22.5625
08/02/25,18.09166666666667
09/02/25,9.333333333333332
10/02/25,23.033333333333335
11/02/25,22.241666666666667
12/02/25,14.958333333333334
13/02/25,21.216666666666665
14/02/25,9.758333333333335
15/02/25,11.583333333333334
16/02/25,8.466666666666667
17/02/25,9.775
18/02/25,17.05833333333333
19/02/25,15.466666666666669
20/02/25,29.4125
21/02/25,16.30277777777778
22/02/25,11.966666666666665
23/02/25,15.333333333333334
24/02/25,26.84166666666667
25/02/25,25.30833333333333
26/02/25,24.925
27/02/25,21.366666666666664
28/02/25,10.125
01/03/25,17.3
02/03/25,11.675
03/03/25,19.979166666666664
04/03/25,19.808333333333334
05/03/25,21.516666666666666
06/03/25,17.125
07/03/25,15
08/03/25,12.441666666666666
09/03/25,11.858333333333334
10/03/25,19.100413223140496
11/03/25,18.608333333333334
12/03/25,17.89166666666667
13/03/25,20.5
14/03/25,13.945833333333335
15/03/25,16.316666666666666
16/03/25,9.391666666666666
17/03/25,5.2250000000000005
18/03/25,20.166666666666664
19/03/25,13.733333333333334
20/03/25,3.45
21/03/25,16.424999999999997
22/03/25,14.766666666666666
23/03/25,9.879166666666666
24/03/25,14.283333333333331
25/03/25,8.060964912280703
26/03/25,15.210964912280701
27/03/25,16.74736842105263
28/03/25,11.35833333333333
29/03/25,16.166666666666664
30/03/25,8.233333333333333
31/03/25,21.725
01/04/25,13.316666666666666
02/04/25,15.716666666666665
03/04/25,13.483333333333334
04/04/25,15.125000000000004
05/04/25,12.4
06/04/25,7.883333333333335
07/04/25,12.296078431372548
08/04/25,10.962254901960785
09/04/25,11.375
10/04/25,13.591666666666665
11/04/25,19.658333333333335
12/04/25,5.1000000000000005
13/04/25,5.291666666666666
14/04/25,11.241666666666665
15/04/25,12.650000000000002
16/04/25,7.366666666666667
17/04/25,9.097222222222223
18/04/25,4.391666666666667
19/04/25,2.283333333333333
20/04/25,2.495833333333333
21/04/25,5.570833333333334
22/04/25,7.4186274509803924
23/04/25,6.92
24/04/25,6.804166666666665
25/04/25,7.041666666666667
26/04/25,4.991666666666666
27/04/25,3.675
28/04/25,7.375
29/04/25,9.116666666666667
30/04/25,7.025
01/05/25,7.883333333333335
02/05/25,9.308333333333334
03/05/25,4.158333333333333
04/05/25,5.358333333333333
05/05/25,8.975
06/05/25,14.2
07/05/25,13.516666666666666
08/05/25,11.608333333333333
09/05/25,14.95
10/05/25,3.45
11/05/25,7.316666666666667
12/05/25,10.708333333333332
13/05/25,12.116666666666665
14/05/25,9.108333333333334
15/05/25,11.883333333333333
16/05/25,12.758333333333335
17/05/25,5.758333333333334
18/05/25,4.383333333333334
19/05/25,12.791666666666668
20/05/25,11.570833333333333
21/05/25,5.633333333333334
22/05/25,4.9
23/05/25,5.625
24/05/25,3.1083333333333334
25/05/25,3.0333333333333337
26/05/25,6.8
27/05/25,7.258333333333333
28/05/25,10.650000000000002
29/05/25,9.683333333333334
30/05/25,9.375
31/05/25,5.441666666666666
01/06/25,3.6333333333333337
02/06/25,7.408333333333333
03/06/25,13.238480392156864
04/06/25,7.716666666666667
05/06/25,3.4916666666666663
06/06/25,4.091666666666667
07/06/25,3.225
08/06/25,3.158333333333333
09/06/25,5.7027777777777775
10/06/25,6.046875
11/06/25,4.454166666666667
12/06/25,8.708333333333332
13/06/25,12.241666666666667
14/06/25,9.691666666666666
15/06/25,7.05
16/06/25,16.9
17/06/25,16.066666666666666
18/06/25,12.316666666666666
19/06/25,15.418055555555554
20/06/25,18.28194444444444
21/06/25,17.625
22/06/25,17.554166666666667
23/06/25,18.522409909909907
24/06/25,26.031756756756756
25/06/25,13.875
26/06/25,16.3
27/06/25,15.685294117647057
28/06/25,7.2
29/06/25,4.966666666666667
30/06/25,17.216666666666665
01/07/25,13.116666666666665
02/07/25,10.158333333333333
03/07/25,10.608333333333334
04/07/25,11.844751082251083
05/07/25,7.849999999999999
06/07/25,7.383333333333335
07/07/25,9.883333333333333
08/07/25,7.941666666666667
09/07/25,11.024999999999999
10/07/25,17.37916666666667
11/07/25,11.308333333333334
12/07/25,13.691666666666666
13/07/25,4.316666666666667
14/07/25,8.416666666666666
15/07/25,15.691666666666668
16/07/25,8.291666666666668
17/07/25,8.758333333333333
18/07/25,8.1
19/07/25,9.316666666666666
20/07/25,3.65
21/07/25,8.533333333333333
22/07/25,8.5
23/07/25,4.629166666666666
24/07/25,6.6574822695035465
25/07/25,8.841666666666665
26/07/25,7.075
27/07/25,4.883333333333333
28/07/25,7.325
29/07/25,6.304166666666666
30/07/25,5.333333333333333
31/07/25,8.708333333333332
01/08/25,12.758333333333333
02/08/25,10.475
03/08/25,5.458333333333334
04/08/25,10.691666666666666
05/08/25,6.466666666666667
06/08/25,8.033333333333335
07/08/25,8.391666666666667
08/08/25,10.691666666666666
09/08/25,11.15
10/08/25,6.2041666666666675
11/08/25,10.183333333333334
12/08/25,8.967517730496454
13/08/25,10.104166666666668
14/08/25,10.416666666666668
15/08/25,8.766666666666667
16/08/25,10.991666666666665
17/08/25,2.6333333333333333
18/08/25,5.9208333333333325
19/08/25,9.850426894343649
20/08/25,6.333333333333333
21/08/25,6.966666666666667
22/08/25,7.2666666666666675
23/08/25,8.375
24/08/25,4.079166666666667
25/08/25,4.2875
26/08/25,5.538119369369369
27/08/25,8.698423423423424
28/08/25,10.466666666666665
29/08/25,9.11547619
30/08/25,8.233333333333333
31/08/25,3.8875
01/09/25,7.325
02/09/25,7.222916666666667
03/09/25,8.745833333333334
04/09/25,10.008333333333335
05/09/25,10.433333333333334
06/09/25,7.541666666666667
07/09/25,4.75
08/09/25,8.7
09/09/25,9.933333333333334
10/09/25,9.158333333333333
11/09/25,8.15
12/09/25,11.483333333333334
13/09/25,11.075
14/09/25,6.208333333333334
15/09/25,9.304166666666665
16/09/25,3.3583333333333334
17/09/25,7.595833333333333
18/09/25,6.35
19/09/25,6.041666666666666
20/09/25,5.3916666666666675
21/09/25,6.158333333333334
22/09/25,8.5875
23/09/25,6.9161111111111095
24/09/25,7.253333333333333
25/09/25,12.091666666666665
26/09/25,19.932906438989683
27/09/25,8.7
28/09/25,3.9083333333333337
29/09/25,9.591666666666667
30/09/25,5.558333333333333
01/10/25,8.158333333333333
02/10/25,5.383333333333335
03/10/25,3.8416666666666663
04/10/25,7.2
05/10/25,12.508333333333335
06/10/25,16.666666666666664
07/10/25,9.308333333333334
08/10/25,8.775
09/10/25,18.325
10/10/25,17.879166666666666
11/10/25,9.183333333333334
12/10/25,8.533333333333333
13/10/25,21.965
14/10/25,5.2
15/10/25,4.95
16/10/25,12.683333333333334
17/10/25,14.333333333333334
18/10/25,10.825
19/10/25,11.558333333333332
20/10/25,6.05
21/10/25,12.570833333333336
22/10/25,8.425
23/10/25,12.308333333333334
24/10/25,15.441666666666666
25/10/25,15.633333333333335
26/10/25,10.758333333333333
27/10/25,14.733333333333334
28/10/25,18.141666666666666
29/10/25,8.866666666666667
30/10/25,18.796212121212122
31/10/25,26.237121212121213
01/11/25,18.879166666666666
02/11/25,9.020833333333334
03/11/25,7.558333333333333
04/11/25,13
05/11/25,11.324418604651164
06/11/25,16.95
07/11/25,23.083333333333336
08/11/25,21.075
09/11/25,19.23333333333333
10/11/25,7.724999999999999
11/11/25,14.191666666666666
12/11/25,22.933333333333334
13/11/25,22.312500000000004
14/11/25,32.016666666666666
15/11/25,28.12916666666667
16/11/25,27.358333333333338
17/11/25,21.475
18/11/25,22.64166666666667
19/11/25,24.8
20/11/25,28.249999999999993
21/11/25,22.383333333333333
22/11/25,15.016666666666666
23/11/25,11.174999999999999
24/11/25,22.21666666666667
25/11/25,17.81666666666667
26/11/25,17.291666666666668
27/11/25,7.55
28/11/25,12.2
29/11/25,27.633333333333333
30/11/25,13.341666666666665
01/12/25,21.81838235294118
02/12/25,21.35
03/12/25,20.983333333333338
04/12/25,26.98391472868217
05/12/25,20.033333333333335
06/12/25,24.93
07/12/25,10.816666666666666
08/12/25,9.399999999999999
09/12/25,18.825000000000003
10/12/25,22.708333333333336
11/12/25,17.39166666666667
12/12/25,27.166666666666668
13/12/25,19.833333333333332
14/12/25,12.616666666666667
15/12/25,8.508333333333333
16/12/25,26.19166666666667
17/12/25,31.4
18/12/25,36.50833333333333
19/12/25,16.020833333333332
20/12/25,21.9
21/12/25,18.000000000000004
22/12/25,13.025
23/12/25,13.925
24/12/25,15.658333333333335
25/12/25,6.025
26/12/25,11.499999999999998
27/12/25,25.75
28/12/25,16.645833333333336
29/12/25,14.558333333333332
30/12/25,7.458333333333333
31/12/25,17.825