fecha,o3_promedio
2020-01-01,16.21875
2020-01-02,16.052083333333336
2020-01-03,20.677083333333332
2020-01-04,23.041666666666668
2020-01-05,25.927083333333332
2020-01-06,28.114583333333332
2020-01-07,24.0
2020-01-08,27.797971491228072
2020-01-09,28.541666666666668
2020-01-10,21.416666666666668
2020-01-11,26.566611842105267
2020-01-12,25.885416666666668
2020-01-13,24.718749999999996
2020-01-14,21.322916666666668
2020-01-15,21.072916666666664
2020-01-16,22.473958333333332
2020-01-17,18.9375
2020-01-18,20.302083333333332
2020-01-19,11.166666666666668
2020-01-20,9.520833333333334
2020-01-21,14.640625
2020-01-22,21.739583333333332
2020-01-23,14.84375
2020-01-24,17.229166666666668
2020-01-25,17.052083333333336
2020-01-26,17.656249999999996
2020-01-27,18.270833333333332
2020-01-28,22.59375
2020-01-29,22.072916666666664
2020-01-30,18.135416666666664
2020-01-31,19.619791666666664
2020-02-01,20.135416666666668
2020-02-02,17.09375
2020-02-03,16.020833333333332
2020-02-04,12.093749999999998
2020-02-05,11.59375
2020-02-06,20.812500000000004
2020-02-07,21.354166666666668
2020-02-08,27.083333333333336
2020-02-09,26.47052304964539
2020-02-10,26.022828014184398
2020-02-11,28.569148936170212
2020-02-12,23.609375
2020-02-13,26.675857843137255
2020-02-14,26.187499999999996
2020-02-15,33.32291666666667
2020-02-16,22.739583333333332
2020-02-17,26.697916666666668
2020-02-18,29.166666666666668
2020-02-19,30.166666666666664
2020-02-20,24.510416666666668
2020-02-21,25.447916666666668
2020-02-22,34.302083333333336
2020-02-23,40.62500000000001
2020-02-24,29.947916666666664
2020-02-25,23.302083333333336
2020-02-26,24.843749999999996
2020-02-27,25.322916666666664
2020-02-28,32.447916666666664
2020-02-29,29.958333333333336
2020-03-01,37.114583333333336
2020-03-02,29.019607843137255
2020-03-03,24.562500000000004
2020-03-04,29.260416666666664
2020-03-05,33.354166666666664
2020-03-06,24.072916666666668
2020-03-07,32.3125
2020-03-08,35.135416666666664
2020-03-09,33.6875
2020-03-10,36.395833333333336
2020-03-11,24.96875
2020-03-12,36.76041666666667
2020-03-13,33.39583333333333
2020-03-14,36.010416666666664
2020-03-15,29.864583333333332
2020-03-16,26.260416666666664
2020-03-17,31.078124999999996
2020-03-18,33.35416666666667
2020-03-19,37.3125
2020-03-20,33.0
2020-03-21,42.36458333333333
2020-03-22,34.697916666666664
2020-03-23,39.125
2020-03-24,38.125
2020-03-25,47.619791666666664
2020-03-26,36.932291666666664
2020-03-27,28.604166666666668
2020-03-28,42.56249999999999
2020-03-29,51.333333333333336
2020-03-30,48.91666666666667
2020-03-31,36.03125
2020-04-01,44.458333333333336
2020-04-02,43.63541666666667
2020-04-03,39.73958333333333
2020-04-04,39.6875
2020-04-05,43.083333333333336
2020-04-06,38.54545454545455
2020-04-07,38.395833333333336
2020-04-08,45.484375
2020-04-09,48.71874999999999
2020-04-10,44.11458333333333
2020-04-11,39.90625
2020-04-12,38.46875
2020-04-13,40.666666666666664
2020-04-14,37.26041666666667
2020-04-15,44.15625
2020-04-16,46.78125
2020-04-17,51.364583333333336
2020-04-18,49.36979166666667
2020-04-19,48.833333333333336
2020-04-20,47.75
2020-04-21,46.07291666666667
2020-04-22,47.4375
2020-04-23,43.973958333333336
2020-04-24,44.770833333333336
2020-04-25,38.71875
2020-04-26,45.90625
2020-04-27,50.875
2020-04-28,41.963541666666664
2020-04-29,40.84375
2020-04-30,47.36458333333333
2020-05-01,36.645833333333336
2020-05-02,44.041666666666664
2020-05-03,46.82291666666667
2020-05-04,44.17708333333333
2020-05-05,44.44791666666667
2020-05-06,39.78819444444444
2020-05-07,33.125
2020-05-08,42.229166666666664
2020-05-09,42.97916666666667
2020-05-10,47.1875
2020-05-11,44.010416666666664
2020-05-12,41.427083333333336
2020-05-13,44.760416666666664
2020-05-14,47.989583333333336
2020-05-15,43.79166666666667
2020-05-16,34.84375
2020-05-17,50.16666666666667
2020-05-18,53.458333333333336
2020-05-19,50.114583333333336
2020-05-20,57.677083333333336
2020-05-21,59.010416666666664
2020-05-22,49.041666666666664
2020-05-23,44.56281887755102
2020-05-24,44.334927721088434
2020-05-25,43.739583333333336
2020-05-26,50.625
2020-05-27,48.56058673469388
2020-05-28,46.80208333333333
2020-05-29,38.083333333333336
2020-05-30,38.3125
2020-05-31,37.34375
2020-06-01,36.5625
2020-06-02,34.796875
2020-06-03,19.458333333333332
2020-06-04,25.864583333333336
2020-06-05,34.270833333333336
2020-06-06,37.5625
2020-06-07,41.86458333333333
2020-06-08,46.34375
2020-06-09,42.041666666666664
2020-06-10,37.604166666666664
2020-06-11,31.59375
2020-06-12,25.885416666666668
2020-06-13,43.5625
2020-06-14,45.041666666666664
2020-06-15,46.125
2020-06-16,48.23958333333333
2020-06-17,42.645833333333336
2020-06-18,33.6875
2020-06-19,36.96875
2020-06-20,32.96875
2020-06-21,32.59375
2020-06-22,26.708333333333332
2020-06-23,28.026041666666664
2020-06-24,24.9375
2020-06-25,15.682291666666668
2020-06-26,25.708333333333332
2020-06-27,42.171875
2020-06-28,39.46875000000001
2020-06-29,34.28125
2020-06-30,40.395833333333336
2020-07-01,34.677083333333336
2020-07-02,39.0
2020-07-03,36.53125
2020-07-04,36.5
2020-07-05,31.4375
2020-07-06,28.46875
2020-07-07,23.552083333333332
2020-07-08,17.59375
2020-07-09,25.9375
2020-07-10,30.229166666666664
2020-07-11,31.057291666666664
2020-07-12,32.572916666666664
2020-07-13,37.078125
2020-07-14,36.23958333333333
2020-07-15,35.625
2020-07-16,34.08333333333333
2020-07-17,32.86458333333333
2020-07-18,35.625
2020-07-19,36.614583333333336
2020-07-20,42.01041666666667
2020-07-21,38.75
2020-07-22,44.911458333333336
2020-07-23,39.63541666666667
2020-07-24,39.651041666666664
2020-07-25,41.458333333333336
2020-07-26,27.833333333333336
2020-07-27,27.260416666666668
2020-07-28,21.427083333333332
2020-07-29,17.322916666666664
2020-07-30,30.375
2020-07-31,23.281250000000004
2020-08-01,22.656249999999996
2020-08-02,25.484375
2020-08-03,23.125
2020-08-04,26.093749999999996
2020-08-05,32.270833333333336
2020-08-06,26.552083333333336
2020-08-07,26.447916666666668
2020-08-08,22.947916666666668
2020-08-09,23.5625
2020-08-10,20.265625
2020-08-11,28.708333333333332
2020-08-12,24.833333333333332
2020-08-13,35.859375
2020-08-14,26.910375724363817
2020-08-15,29.041666666666668
2020-08-16,28.5625
2020-08-17,27.452932098765434
2020-08-18,29.3125
2020-08-19,28.427083333333336
2020-08-20,29.989583333333332
2020-08-21,36.552083333333336
2020-08-22,33.33333333333333
2020-08-23,35.177083333333336
2020-08-24,25.177083333333332
2020-08-25,17.302083333333332
2020-08-26,24.75
2020-08-27,19.395833333333336
2020-08-28,28.947916666666664
2020-08-29,27.364583333333332
2020-08-30,17.833333333333332
2020-08-31,28.541666666666668
2020-09-01,35.38020833333333
2020-09-02,35.04166666666667
2020-09-03,28.15625
2020-09-04,23.500000000000004
2020-09-05,20.354166666666664
2020-09-06,23.541666666666664
2020-09-07,23.312499999999996
2020-09-08,30.885416666666664
2020-09-09,24.8125
2020-09-10,23.697916666666668
2020-09-11,25.87627551020408
2020-09-12,32.25
2020-09-13,27.114583333333336
2020-09-14,25.114583333333336
2020-09-15,27.885416666666668
2020-09-16,26.541666666666668
2020-09-17,19.572916666666668
2020-09-18,15.979166666666668
2020-09-19,16.53125
2020-09-20,33.416666666666664
2020-09-21,22.40625
2020-09-22,32.46714743589743
2020-09-23,33.95833333333333
2020-09-24,31.432291666666664
2020-09-25,26.136029411764707
2020-09-26,29.801470588235297
2020-09-27,28.440340909090907
2020-09-28,30.322916666666664
2020-09-29,18.895833333333332
2020-09-30,37.5625
2020-10-01,27.354166666666668
2020-10-02,31.90625
2020-10-03,40.65625
2020-10-04,35.06249999999999
2020-10-05,39.34375
2020-10-06,35.125
2020-10-07,37.03125
2020-10-08,40.333333333333336
2020-10-09,34.729166666666664
2020-10-10,37.614583333333336
2020-10-11,39.67708333333333
2020-10-12,24.0625
2020-10-13,21.197916666666668
2020-10-14,24.447916666666668
2020-10-15,23.96875
2020-10-16,18.802083333333336
2020-10-17,34.739583333333336
2020-10-18,30.1875
2020-10-19,24.322916666666668
2020-10-20,29.223958333333332
2020-10-21,29.489583333333332
2020-10-22,26.875
2020-10-23,23.039486434108525
2020-10-24,23.21875
2020-10-25,28.75
2020-10-26,32.45833333333333
2020-10-27,38.53125
2020-10-28,40.48958333333333
2020-10-29,32.75
2020-10-30,32.9375
2020-10-31,31.85416666666667
2020-11-01,20.885416666666668
2020-11-02,32.0625
2020-11-03,27.72083333333333
2020-11-04,20.4375
2020-11-05,25.958333333333332
2020-11-06,32.052083333333336
2020-11-07,34.677083333333336
2020-11-08,39.07291666666667
2020-11-09,36.125
2020-11-10,34.765625
2020-11-11,42.8125
2020-11-12,45.71875000000001
2020-11-13,32.73958333333333
2020-11-14,38.114583333333336
2020-11-15,29.864583333333336
2020-11-16,25.645833333333332
2020-11-17,18.927083333333332
2020-11-18,18.270833333333332
2020-11-19,23.9375
2020-11-20,14.961550245098037
2020-11-21,16.677083333333336
2020-11-22,20.6875
2020-11-23,21.125
2020-11-24,21.989583333333332
2020-11-25,28.489583333333332
2020-11-26,23.734375
2020-11-27,23.552083333333332
2020-11-28,27.46875
2020-11-29,42.364583333333336
2020-11-30,24.75
2020-12-01,19.927083333333332
2020-12-02,24.139583333333334
2020-12-03,21.828333333333337
2020-12-04,14.802083333333334
2020-12-05,17.385416666666668
2020-12-06,21.651041666666668
2020-12-07,19.135416666666664
2020-12-08,23.0
2020-12-09,23.708333333333332
2020-12-10,33.8125
2020-12-11,34.510416666666664
2020-12-12,28.614583333333332
2020-12-13,23.572916666666664
2020-12-14,31.958333333333336
2020-12-15,21.541666666666664
2020-12-16,28.854166666666668
2020-12-17,30.177083333333336
2020-12-18,25.541666666666668
2020-12-19,31.885416666666664
2020-12-20,38.672916666666666
2020-12-21,29.65625
2020-12-22,30.145833333333336
2020-12-23,31.052083333333336
2020-12-24,34.46875
2020-12-25,36.73958333333333
2020-12-26,28.276041666666664
2020-12-27,27.385416666666664
2020-12-28,27.166666666666668
2020-12-29,32.83333333333333
2020-12-30,33.276041666666664
2020-12-31,32.114583333333336
2021-01-01,28.404166666666665
2021-01-02,30.895833333333336
2021-01-03,28.385416666666668
2021-01-04,32.91666666666667
2021-01-05,30.989583333333332
2021-01-06,23.03125
2021-01-07,27.572916666666668
2021-01-08,29.385416666666664
2021-01-09,21.427083333333336
2021-01-10,20.71875
2021-01-11,14.604166666666666
2021-01-12,18.989583333333332
2021-01-13,24.224999999999998
2021-01-14,15.708333333333334
2021-01-15,24.510416666666664
2021-01-16,22.666666666666664
2021-01-17,12.791666666666666
2021-01-18,18.84375
2021-01-19,31.03125
2021-01-20,24.270833333333332
2021-01-21,25.177083333333332
2021-01-22,32.34375
2021-01-23,35.125
2021-01-24,30.270833333333332
2021-01-25,27.170833333333334
2021-01-26,30.65625
2021-01-27,28.875
2021-01-28,33.354166666666664
2021-01-29,33.5
2021-01-30,33.822916666666664
2021-01-31,35.135416666666664
2021-02-01,31.427083333333332
2021-02-02,23.0
2021-02-03,23.916666666666668
2021-02-04,27.671875
2021-02-05,38.05208333333333
2021-02-06,31.506030701754383
2021-02-07,37.875
2021-02-08,29.75
2021-02-09,34.479166666666664
2021-02-10,27.208333333333332
2021-02-11,19.916666666666664
2021-02-12,19.53125
2021-02-13,24.880208333333336
2021-02-14,29.5
2021-02-15,30.395833333333336
2021-02-16,28.78125
2021-02-17,28.541666666666664
2021-02-18,29.697916666666664
2021-02-19,33.0625
2021-02-20,34.427083333333336
2021-02-21,43.55208333333333
2021-02-22,36.89583333333333
2021-02-23,35.333333333333336
2021-02-24,29.604166666666668
2021-02-25,38.65625
2021-02-26,46.1273276179941
2021-02-27,55.010416666666664
2021-02-28,54.864583333333336
2021-03-01,52.74479166666667
2021-03-02,57.135416666666664
2021-03-03,45.97916666666667
2021-03-04,46.53125
2021-03-05,36.848958333333336
2021-03-06,41.11979166666667
2021-03-07,30.078125
2021-03-08,26.697916666666664
2021-03-09,29.197916666666668
2021-03-10,24.072916666666668
2021-03-11,33.32291666666667
2021-03-12,38.322916666666664
2021-03-13,41.364583333333336
2021-03-14,42.825
2021-03-15,40.208333333333336
2021-03-16,34.760416666666664
2021-03-17,39.34375
2021-03-18,40.427083333333336
2021-03-19,34.614583333333336
2021-03-20,36.697916666666664
2021-03-21,42.06249999999999
2021-03-22,33.041666666666664
2021-03-23,30.583333333333336
2021-03-24,32.447916666666664
2021-03-25,39.125
2021-03-26,37.97081043956044
2021-03-27,44.05208333333333
2021-03-28,40.46875
2021-03-29,37.58333333333333
2021-03-30,41.43543956043956
2021-03-31,39.088541666666664
2021-04-01,33.822916666666664
2021-04-02,27.921875
2021-04-03,32.739583333333336
2021-04-04,36.864583333333336
2021-04-05,31.046874999999996
2021-04-06,37.25
2021-04-07,41.703125
2021-04-08,49.197916666666664
2021-04-09,49.447916666666664
2021-04-10,47.84375
2021-04-11,48.572916666666664
2021-04-12,47.11979166666667
2021-04-13,50.24583333333333
2021-04-14,44.1875
2021-04-15,48.364583333333336
2021-04-16,51.13541666666667
2021-04-17,44.0
2021-04-18,37.91666666666667
2021-04-19,37.729166666666664
2021-04-20,37.97743055555556
2021-04-21,44.75
2021-04-22,47.42708333333333
2021-04-23,47.90625
2021-04-24,58.515625
2021-04-25,53.625
2021-04-26,51.041666666666664
2021-04-27,56.21875
2021-04-28,53.265625
2021-04-29,47.583333333333336
2021-04-30,36.822916666666664
2021-05-01,37.475
2021-05-02,35.91250000000001
2021-05-03,34.9375
2021-05-04,44.53125
2021-05-05,47.17708333333333
2021-05-06,35.23958333333333
2021-05-07,37.44401041666667
2021-05-08,43.09375
2021-05-09,46.93749999999999
2021-05-10,50.37499999999999
2021-05-11,39.135416666666664
2021-05-12,36.78125
2021-05-13,22.554166666666664
2021-05-14,25.552083333333336
2021-05-15,32.270833333333336
2021-05-16,42.26562500000001
2021-05-17,41.385416666666664
2021-05-18,37.69791666666667
2021-05-19,36.97790404040404
2021-05-20,47.020833333333336
2021-05-21,47.177083333333336
2021-05-22,48.317708333333336
2021-05-23,49.260416666666664
2021-05-24,42.23958333333333
2021-05-25,35.74375
2021-05-26,35.85416666666667
2021-05-27,41.51041666666667
2021-05-28,48.947916666666664
2021-05-29,48.875
2021-05-30,36.86458333333333
2021-05-31,39.30625
2021-06-01,37.5625
2021-06-02,32.447916666666664
2021-06-03,33.90625
2021-06-04,21.489583333333332
2021-06-05,29.322916666666668
2021-06-06,42.10208333333333
2021-06-07,34.299107142857146
2021-06-08,47.8125
2021-06-09,35.0625
2021-06-10,28.88541666666667
2021-06-11,26.072916666666668
2021-06-12,22.795833333333334
2021-06-13,24.583333333333332
2021-06-14,12.489583333333332
2021-06-15,23.072916666666664
2021-06-16,38.53125
2021-06-17,25.510416666666668
2021-06-18,17.87013888888889
2021-06-19,10.770833333333334
2021-06-20,18.34375
2021-06-21,33.75
2021-06-22,36.59375
2021-06-23,29.812500000000004
2021-06-24,26.710416666666667
2021-06-25,12.65625
2021-06-26,15.953125
2021-06-27,10.520833333333332
2021-06-28,12.760416666666666
2021-06-29,18.250721153846154
2021-06-30,23.415625000000002
2021-07-01,17.802083333333332
2021-07-02,15.729166666666666
2021-07-03,16.125
2021-07-04,29.437499999999996
2021-07-05,32.260416666666664
2021-07-06,30.79583333333333
2021-07-07,31.13125
2021-07-08,25.052083333333336
2021-07-09,23.989583333333336
2021-07-10,31.583333333333332
2021-07-11,37.395833333333336
2021-07-12,33.8625
2021-07-13,22.447916666666668
2021-07-14,25.463541666666664
2021-07-15,22.75
2021-07-16,23.270833333333332
2021-07-17,26.822916666666668
2021-07-18,28.974999999999998
2021-07-19,34.03125
2021-07-20,32.04615384615385
2021-07-21,31.427083333333332
2021-07-22,27.135416666666668
2021-07-23,36.24974593495935
2021-07-24,41.52708333333333
2021-07-25,33.95833333333333
2021-07-26,30.135670731707314
2021-07-27,34.885416666666664
2021-07-28,29.854166666666668
2021-07-29,31.708333333333332
2021-07-30,20.833333333333332
2021-07-31,24.78125
2021-08-01,30.104166666666668
2021-08-02,33.5625
2021-08-03,21.239583333333332
2021-08-04,29.020833333333336
2021-08-05,30.78125
2021-08-06,26.604166666666668
2021-08-07,36.23437499999999
2021-08-08,25.197916666666664
2021-08-09,27.260416666666664
2021-08-10,33.927083333333336
2021-08-11,33.770833333333336
2021-08-12,33.96875
2021-08-13,31.666666666666668
2021-08-14,25.677083333333332
2021-08-15,31.083333333333336
2021-08-16,33.260416666666664
2021-08-17,28.364583333333332
2021-08-18,32.625
2021-08-19,30.947916666666668
2021-08-20,24.09375
2021-08-21,21.427083333333336
2021-08-22,27.739583333333332
2021-08-23,26.427083333333332
2021-08-24,22.697916666666664
2021-08-25,25.135416666666668
2021-08-26,27.34375
2021-08-27,22.375
2021-08-28,15.015625
2021-08-29,15.59375
2021-08-30,14.96875
2021-08-31,19.916666666666668
2021-09-01,21.425642292490117
2021-09-02,18.14033679183136
2021-09-03,16.083333333333332
2021-09-04,30.4375
2021-09-05,24.479166666666664
2021-09-06,26.916666666666668
2021-09-07,18.145833333333332
2021-09-08,30.192708333333336
2021-09-09,28.937499999999996
2021-09-10,33.083333333333336
2021-09-11,32.239583333333336
2021-09-12,26.489583333333332
2021-09-13,12.71875
2021-09-14,13.166666666666666
2021-09-15,24.833333333333336
2021-09-16,25.375
2021-09-17,34.60416666666667
2021-09-18,22.010416666666668
2021-09-19,17.927083333333336
2021-09-20,24.458333333333336
2021-09-21,30.958333333333336
2021-09-22,25.375
2021-09-23,22.624999999999996
2021-09-24,29.40625
2021-09-25,28.5
2021-09-26,38.072916666666664
2021-09-27,24.104166666666668
2021-09-28,23.177083333333332
2021-09-29,40.546269379844965
2021-09-30,24.333333333333332
2021-10-01,17.385416666666664
2021-10-02,38.635416666666664
2021-10-03,30.885416666666668
2021-10-04,22.22456395348837
2021-10-05,15.208333333333334
2021-10-06,15.552083333333334
2021-10-07,28.593749999999996
2021-10-08,26.737761951538964
2021-10-09,31.864583333333336
2021-10-10,26.177083333333336
2021-10-11,35.145833333333336
2021-10-12,26.958333333333332
2021-10-13,26.104166666666668
2021-10-14,32.07291666666667
2021-10-15,26.75
2021-10-16,23.375000000000004
2021-10-17,24.489583333333332
2021-10-18,26.135416666666668
2021-10-19,29.364583333333336
2021-10-20,28.28125
2021-10-21,20.031250000000004
2021-10-22,18.21875
2021-10-23,27.125
2021-10-24,22.072916666666668
2021-10-25,14.354166666666666
2021-10-26,21.437499999999996
2021-10-27,22.489583333333336
2021-10-28,30.125
2021-10-29,28.376821381794368
2021-10-30,25.197916666666668
2021-10-31,33.96875000000001
2021-11-01,27.125
2021-11-02,25.024038461538463
2021-11-03,23.6875
2021-11-04,21.78125
2021-11-05,23.291666666666668
2021-11-06,25.041666666666668
2021-11-07,30.479166666666668
2021-11-08,28.885416666666668
2021-11-09,27.958333333333332
2021-11-10,33.552083333333336
2021-11-11,29.404124149659868
2021-11-12,27.427083333333332
2021-11-13,26.270833333333336
2021-11-14,29.505208333333336
2021-11-15,26.166666666666668
2021-11-16,26.33578431372549
2021-11-17,33.635416666666664
2021-11-18,29.864583333333332
2021-11-19,16.479166666666668
2021-11-20,24.302083333333336
2021-11-21,29.479166666666668
2021-11-22,19.020833333333332
2021-11-23,22.770833333333336
2021-11-24,15.966435185185183
2021-11-25,27.291666666666668
2021-11-26,27.002314814814817
2021-11-27,28.15087365591398
2021-11-28,33.826388888888886
2021-11-29,28.547043010752688
2021-11-30,21.895833333333336
2021-12-01,17.083333333333332
2021-12-02,19.156249999999996
2021-12-03,16.34375
2021-12-04,21.614583333333332
2021-12-05,28.53125
2021-12-06,33.25
2021-12-07,28.5625
2021-12-08,33.916666666666664
2021-12-09,34.782552083333336
2021-12-10,38.60416666666667
2021-12-11,38.177083333333336
2021-12-12,33.364583333333336
2021-12-13,24.624999999999996
2021-12-14,21.854166666666664
2021-12-15,26.677083333333332
2021-12-16,29.572916666666668
2021-12-17,25.385416666666668
2021-12-18,20.791666666666664
2021-12-19,24.9375
2021-12-20,12.791666666666666
2021-12-21,24.911458333333332
2021-12-22,22.895833333333336
2021-12-23,17.96875
2021-12-24,18.260416666666664
2021-12-25,24.864583333333336
2021-12-26,24.395833333333332
2021-12-27,26.411458333333336
2021-12-28,29.635416666666668
2021-12-29,22.500000000000004
2021-12-30,29.447916666666668
2021-12-31,35.76041666666667
2022-01-01,35.645833333333336
2022-01-02,21.425189393939394
2022-01-03,25.645833333333336
2022-01-04,26.211104368932038
2022-01-05,30.062500000000004
2022-01-06,26.5625
2022-01-07,20.051271645021643
2022-01-08,28.729166666666668
2022-01-09,29.71875
2022-01-10,27.719426406926406
2022-01-11,20.364718614718615
2022-01-12,21.572916666666664
2022-01-13,22.0
2022-01-14,23.59166666666667
2022-01-15,22.625
2022-01-16,22.583333333333332
2022-01-17,25.9375
2022-01-18,24.510416666666668
2022-01-19,29.78125
2022-01-20,29.236458333333335
2022-01-21,23.5
2022-01-22,28.760416666666668
2022-01-23,29.145833333333336
2022-01-24,22.791666666666668
2022-01-25,20.393062297734627
2022-01-26,22.713937409024744
2022-01-27,27.770833333333332
2022-01-28,26.770833333333336
2022-01-29,33.416666666666664
2022-01-30,31.08333333333333
2022-01-31,22.802083333333336
2022-02-01,21.135416666666664
2022-02-02,25.333333333333332
2022-02-03,22.666666666666668
2022-02-04,22.367312590975253
2022-02-05,23.437499999999996
2022-02-06,31.062500000000004
2022-02-07,22.814583333333335
2022-02-08,17.177083333333336
2022-02-09,20.833333333333336
2022-02-10,20.283253205128204
2022-02-11,22.177083333333332
2022-02-12,22.135416666666668
2022-02-13,31.150000000000002
2022-02-14,25.854166666666668
2022-02-15,27.690705128205128
2022-02-16,27.343749999999996
2022-02-17,33.234375
2022-02-18,37.20033837579618
2022-02-19,36.41875
2022-02-20,36.140625
2022-02-21,32.625
2022-02-22,32.208333333333336
2022-02-23,30.880208333333332
2022-02-24,31.054869957537154
2022-02-25,37.135416666666664
2022-02-26,32.354166666666664
2022-02-27,31.916666666666668
2022-02-28,23.020833333333336
2022-03-01,28.020833333333336
2022-03-02,36.78125
2022-03-03,36.15625
2022-03-04,29.90625
2022-03-05,26.666666666666668
2022-03-06,37.05208333333333
2022-03-07,38.229166666666664
2022-03-08,27.112457482993197
2022-03-09,25.979166666666668
2022-03-10,24.802083333333332
2022-03-11,24.15625
2022-03-12,38.19270833333333
2022-03-13,36.77083333333333
2022-03-14,37.74479166666667
2022-03-15,26.885416666666664
2022-03-16,26.244791666666664
2022-03-17,22.312500000000004
2022-03-18,30.145833333333332
2022-03-19,28.25
2022-03-20,33.48009417808219
2022-03-21,32.047916666666666
2022-03-22,28.389697488584478
2022-03-23,26.885416666666668
2022-03-24,38.625
2022-03-25,39.125
2022-03-26,36.19791666666667
2022-03-27,36.36811440677966
2022-03-28,37.09375
2022-03-29,49.558968926553675
2022-03-30,39.26041666666667
2022-03-31,35.260416666666664
2022-04-01,32.859375
2022-04-02,48.59375
2022-04-03,47.479166666666664
2022-04-04,39.489583333333336
2022-04-05,36.453125
2022-04-06,50.37500000000001
2022-04-07,53.333333333333336
2022-04-08,29.307291666666668
2022-04-09,34.71875
2022-04-10,34.875
2022-04-11,33.052083333333336
2022-04-12,35.5
2022-04-13,41.203125
2022-04-14,51.489583333333336
2022-04-15,47.40625
2022-04-16,48.166666666666664
2022-04-17,43.53124999999999
2022-04-18,38.614583333333336
2022-04-19,38.958333333333336
2022-04-20,42.22916666666667
2022-04-21,41.677083333333336
2022-04-22,38.65625
2022-04-23,37.36458333333333
2022-04-24,41.0
2022-04-25,30.583333333333332
2022-04-26,24.9375
2022-04-27,34.088541666666664
2022-04-28,41.270833333333336
2022-04-29,47.45833333333333
2022-04-30,44.9375
2022-05-01,49.75
2022-05-02,56.041666666666664
2022-05-03,52.59375
2022-05-04,53.541666666666664
2022-05-05,55.64930555555556
2022-05-06,51.354166666666664
2022-05-07,49.125
2022-05-08,49.84895833333333
2022-05-09,44.677083333333336
2022-05-10,37.083333333333336
2022-05-11,36.90624999999999
2022-05-12,39.56250000000001
2022-05-13,39.93750000000001
2022-05-14,40.104166666666664
2022-05-15,39.45833333333333
2022-05-16,40.052083333333336
2022-05-17,44.625
2022-05-18,44.83333333333333
2022-05-19,52.447916666666664
2022-05-20,64.53125
2022-05-21,60.09375
2022-05-22,47.380208333333336
2022-05-23,35.97395833333333
2022-05-24,32.979166666666664
2022-05-25,44.333333333333336
2022-05-26,40.47513640873016
2022-05-27,32.932291666666664
2022-05-28,33.479166666666664
2022-05-29,40.61458333333333
2022-05-30,42.27139136904762
2022-05-31,41.52083333333333
2022-06-01,29.049702380952382
2022-06-02,28.989583333333332
2022-06-03,36.71875
2022-06-04,38.479166666666664
2022-06-05,37.55208333333333
2022-06-06,35.734375
2022-06-07,48.14771002024292
2022-06-08,33.52083333333333
2022-06-09,19.83168859649123
2022-06-10,28.916666666666664
2022-06-11,32.59375
2022-06-12,32.802083333333336
2022-06-13,33.39962121212121
2022-06-14,20.578125
2022-06-15,16.348958333333332
2022-06-16,22.375
2022-06-17,26.708333333333332
2022-06-18,31.843749999999996
2022-06-19,21.177083333333332
2022-06-20,25.531250000000004
2022-06-21,15.041666666666668
2022-06-22,17.635416666666664
2022-06-23,21.312500000000004
2022-06-24,22.682291666666668
2022-06-25,36.08541666666667
2022-06-26,38.458333333333336
2022-06-27,22.656249999999996
2022-06-28,17.791666666666664
2022-06-29,32.822916666666664
2022-06-30,46.98958333333333
2022-07-01,36.95673076923077
2022-07-02,33.208333333333336
2022-07-03,43.04326923076923
2022-07-04,23.135416666666664
2022-07-05,21.713541666666668
2022-07-06,33.614583333333336
2022-07-07,25.554166666666667
2022-07-08,29.052083333333332
2022-07-09,25.083333333333332
2022-07-10,36.00000000000001
2022-07-11,35.21875
2022-07-12,37.520833333333336
2022-07-13,38.322916666666664
2022-07-14,34.56060606060606
2022-07-15,22.020833333333332
2022-07-16,22.604166666666664
2022-07-17,31.802083333333332
2022-07-18,21.802083333333332
2022-07-19,35.04166666666667
2022-07-20,31.447916666666664
2022-07-21,37.416666666666664
2022-07-22,34.677083333333336
2022-07-23,34.239583333333336
2022-07-24,30.083333333333332
2022-07-25,21.739583333333332
2022-07-26,30.28125
2022-07-27,20.791666666666668
2022-07-28,27.84375
2022-07-29,16.989583333333332
2022-07-30,27.739583333333336
2022-07-31,36.31250000000001
2022-08-01,26.291666666666664
2022-08-02,23.604166666666668
2022-08-03,41.0
2022-08-04,28.395833333333332
2022-08-05,33.072916666666664
2022-08-06,33.03125
2022-08-07,27.541666666666668
2022-08-08,22.645833333333332
2022-08-09,23.776041666666664
2022-08-10,27.791666666666668
2022-08-11,27.1875
2022-08-12,25.795833333333334
2022-08-13,28.229166666666664
2022-08-14,29.447916666666664
2022-08-15,17.71875
2022-08-16,13.395833333333332
2022-08-17,28.395833333333336
2022-08-18,25.375
2022-08-19,29.94921875
2022-08-20,22.90625
2022-08-21,27.4375
2022-08-22,30.229166666666668
2022-08-23,22.677083333333336
2022-08-24,31.008333333333333
2022-08-25,29.947916666666664
2022-08-26,27.385416666666664
2022-08-27,38.864583333333336
2022-08-28,39.770833333333336
2022-08-29,31.760416666666664
2022-08-30,25.1875
2022-08-31,29.354166666666668
2022-09-01,21.3921875
2022-09-02,20.447916666666668
2022-09-03,18.489583333333336
2022-09-04,22.270833333333332
2022-09-05,15.463541666666668
2022-09-06,18.729166666666668
2022-09-07,14.46875
2022-09-08,15.6875
2022-09-09,34.697916666666664
2022-09-10,36.357638888888886
2022-09-11,38.380208333333336
2022-09-12,30.53125
2022-09-13,28.645833333333332
2022-09-14,26.625
2022-09-15,17.791666666666668
2022-09-16,19.291666666666668
2022-09-17,22.441666666666666
2022-09-18,17.708333333333332
2022-09-19,18.952445652173914
2022-09-20,23.047554347826086
2022-09-21,28.708333333333332
2022-09-22,26.1875
2022-09-23,25.927083333333332
2022-09-24,26.604166666666668
2022-09-25,23.052083333333336
2022-09-26,19.270833333333332
2022-09-27,22.927083333333332
2022-09-28,25.78125
2022-09-29,35.30833333333333
2022-09-30,30.046875000000004
2022-10-01,34.427083333333336
2022-10-02,38.75000000000001
2022-10-03,38.64583333333333
2022-10-04,33.03125
2022-10-05,29.126041666666666
2022-10-06,20.283854166666668
2022-10-07,24.78125
2022-10-08,17.385416666666664
2022-10-09,21.302083333333336
2022-10-10,23.354166666666668
2022-10-11,19.395833333333336
2022-10-12,20.66482843137255
2022-10-13,26.614583333333336
2022-10-14,32.27083333333333
2022-10-15,37.61458333333333
2022-10-16,34.8125
2022-10-17,29.212622549019606
2022-10-18,11.620098039215685
2022-10-19,16.21875
2022-10-20,23.510416666666668
2022-10-21,18.848958333333332
2022-10-22,32.96354166666667
2022-10-23,33.99375
2022-10-24,33.916666666666664
2022-10-25,32.59375
2022-10-26,32.390625
2022-10-27,28.614583333333332
2022-10-28,35.16666666666667
2022-10-29,38.885416666666664
2022-10-30,38.020833333333336
2022-10-31,28.5
2022-11-01,32.25
2022-11-02,33.4375
2022-11-03,22.645833333333332
2022-11-04,26.775000000000002
2022-11-05,31.770833333333336
2022-11-06,36.46875
2022-11-07,26.09375
2022-11-08,23.28125
2022-11-09,22.5
2022-11-10,21.525
2022-11-11,37.85416666666667
2022-11-12,49.55208333333333
2022-11-13,41.317708333333336
2022-11-14,29.164434523809526
2022-11-15,30.491815476190474
2022-11-16,31.729166666666668
2022-11-17,28.481250000000003
2022-11-18,25.34375
2022-11-19,25.15625
2022-11-20,16.8125
2022-11-21,20.375
2022-11-22,19.750000000000004
2022-11-23,24.78125
2022-11-24,23.916666666666668
2022-11-25,20.453125
2022-11-26,19.6875
2022-11-27,23.270833333333332
2022-11-28,19.23020833333333
2022-11-29,22.696180555555557
2022-11-30,19.791666666666668
2022-12-01,22.437499999999996
2022-12-02,23.34375
2022-12-03,15.59375
2022-12-04,25.791666666666668
2022-12-05,26.208333333333336
2022-12-06,29.166666666666668
2022-12-07,20.177083333333336
2022-12-08,22.364583333333332
2022-12-09,20.65625
2022-12-10,25.791666666666668
2022-12-11,25.354166666666664
2022-12-12,29.135416666666668
2022-12-13,27.84375
2022-12-14,26.072916666666668
2022-12-15,23.739583333333336
2022-12-16,26.020833333333336
2022-12-17,29.687500000000004
2022-12-18,29.03125
2022-12-19,26.270833333333332
2022-12-20,27.770833333333336
2022-12-21,17.317708333333332
2022-12-22,25.944444444444443
2022-12-23,34.572916666666664
2022-12-24,20.947916666666668
2022-12-25,16.0
2022-12-26,18.395833333333332
2022-12-27,24.635416666666668
2022-12-28,22.958333333333332
2022-12-29,17.40625
2022-12-30,17.03125
2022-12-31,16.729166666666668
2023-01-01,21.46875
2023-01-02,15.796875
2023-01-03,18.21875
2023-01-04,26.979166666666668
2023-01-05,25.739583333333336
2023-01-06,25.552083333333336
2023-01-07,28.114583333333336
2023-01-08,32.697916666666664
2023-01-09,28.62734375
2023-01-10,28.479166666666668
2023-01-11,27.145833333333332
2023-01-12,27.69023308580858
2023-01-13,33.208333333333336
2023-01-14,27.614583333333336
2023-01-15,35.18402777777777
2023-01-16,31.868055555555554
2023-01-17,29.656250000000004
2023-01-18,30.28125
2023-01-19,31.989583333333336
2023-01-20,27.979166666666668
2023-01-21,28.5625
2023-01-22,31.989583333333332
2023-01-23,22.53125
2023-01-24,22.270833333333336
2023-01-25,30.11266025641026
2023-01-26,27.8125
2023-01-27,28.239583333333332
2023-01-28,28.833333333333332
2023-01-29,36.572916666666664
2023-01-30,34.239583333333336
2023-01-31,28.375
2023-02-01,30.458333333333332
2023-02-02,33.104166666666664
2023-02-03,28.3125
2023-02-04,35.80208333333333
2023-02-05,30.75
2023-02-06,32.78125
2023-02-07,34.208333333333336
2023-02-08,36.84375
2023-02-09,34.447916666666664
2023-02-10,32.14583333333333
2023-02-11,32.67708333333333
2023-02-12,40.45833333333333
2023-02-13,34.041666666666664
2023-02-14,25.575657894736842
2023-02-15,25.427083333333336
2023-02-16,33.65625
2023-02-17,41.958333333333336
2023-02-18,35.885416666666664
2023-02-19,23.729166666666668
2023-02-20,31.87855392156863
2023-02-21,34.145833333333336
2023-02-22,29.104166666666664
2023-02-23,43.984375
2023-02-24,43.677083333333336
2023-02-25,26.677083333333332
2023-02-26,26.75
2023-02-27,32.588541666666664
2023-02-28,36.791666666666664
2023-03-01,36.26041666666667
2023-03-02,30.645833333333332
2023-03-03,34.895833333333336
2023-03-04,38.5
2023-03-05,41.958333333333336
2023-03-06,37.864583333333336
2023-03-07,31.760416666666668
2023-03-08,28.447916666666664
2023-03-09,31.078125
2023-03-10,28.885416666666668
2023-03-11,34.52083333333333
2023-03-12,32.53125
2023-03-13,28.505208333333336
2023-03-14,23.447916666666664
2023-03-15,25.489583333333332
2023-03-16,20.0
2023-03-17,33.32291666666667
2023-03-18,26.630208333333332
2023-03-19,27.890625
2023-03-20,28.8125
2023-03-21,41.09375
2023-03-22,42.47916666666667
2023-03-23,42.750548245614034
2023-03-24,44.635416666666664
2023-03-25,51.541666666666664
2023-03-26,46.6875
2023-03-27,46.125
2023-03-28,37.91666666666667
2023-03-29,35.9375
2023-03-30,35.23958333333333
2023-03-31,50.072916666666664
2023-04-01,45.479166666666664
2023-04-02,50.260416666666664
2023-04-03,53.8125
2023-04-04,38.458333333333336
2023-04-05,42.65625
2023-04-06,46.505208333333336
2023-04-07,34.90625000000001
2023-04-08,42.97916666666667
2023-04-09,39.25
2023-04-10,26.270833333333332
2023-04-11,24.880208333333332
2023-04-12,29.958333333333336
2023-04-13,28.697916666666664
2023-04-14,29.677083333333336
2023-04-15,31.885416666666668
2023-04-16,42.645833333333336
2023-04-17,34.604166666666664
2023-04-18,30.744791666666664
2023-04-19,32.583333333333336
2023-04-20,40.197916666666664
2023-04-21,26.4375
2023-04-22,32.29166666666667
2023-04-23,28.885416666666664
2023-04-24,38.82291666666667
2023-04-25,34.614583333333336
2023-04-26,35.666666666666664
2023-04-27,33.84375
2023-04-28,41.62500000000001
2023-04-29,39.67187500000001
2023-04-30,42.8125
2023-05-01,38.96875
2023-05-02,37.375
2023-05-03,50.72916666666667
2023-05-04,50.861979166666664
2023-05-05,42.083333333333336
2023-05-06,49.6875
2023-05-07,46.791666666666664
2023-05-08,29.90625
2023-05-09,25.125
2023-05-10,23.95138888888889
2023-05-11,29.098958333333336
2023-05-12,34.72916666666667
2023-05-13,29.177083333333336
2023-05-14,32.322916666666664
2023-05-15,30.041666666666668
2023-05-16,24.25
2023-05-17,36.041666666666664
2023-05-18,39.875
2023-05-19,37.81770833333333
2023-05-20,32.95833333333333
2023-05-21,39.16666666666667
2023-05-22,30.694010416666668
2023-05-23,34.13541666666667
2023-05-24,36.78125
2023-05-25,40.71875
2023-05-26,37.625
2023-05-27,42.48958333333333
2023-05-28,34.90104166666667
2023-05-29,25.104166666666668
2023-05-30,33.375
2023-05-31,44.416666666666664
2023-06-01,51.03125
2023-06-02,49.87500000000001
2023-06-03,41.02083333333333
2023-06-04,40.96875000000001
2023-06-05,40.036458333333336
2023-06-06,40.5
2023-06-07,30.510416666666664
2023-06-08,32.364583333333336
2023-06-09,35.84375
2023-06-10,47.125
2023-06-11,43.916666666666664
2023-06-12,30.541666666666664
2023-06-13,45.083333333333336
2023-06-14,47.833333333333336
2023-06-15,54.50000000000001
2023-06-16,53.583333333333336
2023-06-17,42.6875
2023-06-18,43.166666666666664
2023-06-19,41.1875
2023-06-20,42.739583333333336
2023-06-21,35.229166666666664
2023-06-22,38.916666666666664
2023-06-23,39.26041666666667
2023-06-24,34.895833333333336
2023-06-25,29.947916666666668
2023-06-26,21.041666666666668
2023-06-27,35.84583333333334
2023-06-28,29.083333333333336
2023-06-29,18.96875
2023-06-30,17.833333333333336
2023-07-01,27.59375
2023-07-02,39.479166666666664
2023-07-03,35.916666666666664
2023-07-04,43.770833333333336
2023-07-05,34.99999999999999
2023-07-06,30.781250000000004
2023-07-07,21.020833333333336
2023-07-08,32.57291666666667
2023-07-09,32.63461538461539
2023-07-10,25.984375
2023-07-11,31.504289215686278
2023-07-12,30.761335784313726
2023-07-13,33.270833333333336
2023-07-14,32.68321078431373
2023-07-15,42.552083333333336
2023-07-16,39.1875
2023-07-17,35.46875
2023-07-18,35.98958333333333
2023-07-19,32.69791666666667
2023-07-20,34.12500000000001
2023-07-21,29.28125
2023-07-22,26.104166666666668
2023-07-23,23.854166666666668
2023-07-24,25.5625
2023-07-25,28.045833333333334
2023-07-26,28.255208333333332
2023-07-27,19.224877450980394
2023-07-28,24.890746124031008
2023-07-29,31.109375000000004
2023-07-30,19.322916666666668
2023-07-31,22.666666666666664
2023-08-01,26.360962566844925
2023-08-02,29.633522727272727
2023-08-03,26.479166666666668
2023-08-04,14.145833333333334
2023-08-05,26.963541666666664
2023-08-06,28.739583333333332
2023-08-07,30.028186274509803
2023-08-08,36.03125000000001
2023-08-09,42.061755952380956
2023-08-10,39.5
2023-08-11,44.526041666666664
2023-08-12,38.765625
2023-08-13,43.697916666666664
2023-08-14,22.864583333333332
2023-08-15,18.479166666666668
2023-08-16,14.447916666666666
2023-08-17,16.197916666666668
2023-08-18,21.72605110775428
2023-08-19,29.541666666666668
2023-08-20,24.572916666666664
2023-08-21,25.5
2023-08-22,27.40625
2023-08-23,25.270833333333332
2023-08-24,21.864583333333332
2023-08-25,24.395833333333336
2023-08-26,28.572916666666668
2023-08-27,26.802083333333332
2023-08-28,24.802083333333336
2023-08-29,37.0625
2023-08-30,41.125
2023-08-31,35.4375
2023-09-01,34.53125
2023-09-02,39.453125
2023-09-03,39.53125
2023-09-04,29.697916666666668
2023-09-05,25.78125
2023-09-06,26.1875
2023-09-07,29.697916666666668
2023-09-08,30.208333333333332
2023-09-09,33.125
2023-09-10,31.041666666666664
2023-09-11,34.11458333333333
2023-09-12,36.21875
2023-09-13,37.25
2023-09-14,38.357282225579056
2023-09-15,30.791666666666668
2023-09-16,30.052083333333332
2023-09-17,31.20833333333333
2023-09-18,24.989583333333336
2023-09-19,31.354166666666668
2023-09-20,29.536458333333336
2023-09-21,37.60416666666667
2023-09-22,36.09375000000001
2023-09-23,26.911458333333332
2023-09-24,25.583333333333332
2023-09-25,24.739583333333336
2023-09-26,30.5625
2023-09-27,29.91893838652482
2023-09-28,29.859374999999996
2023-09-29,32.59756097560976
2023-09-30,31.447916666666664
2023-10-01,32.875
2023-10-02,29.460416666666667
2023-10-03,26.770833333333336
2023-10-04,30.833333333333332
2023-10-05,29.479166666666664
2023-10-06,29.069010416666668
2023-10-07,26.599999999999998
2023-10-08,29.151041666666664
2023-10-09,19.885416666666668
2023-10-10,19.026041666666668
2023-10-11,18.083333333333332
2023-10-12,25.59046052631579
2023-10-13,35.354166666666664
2023-10-14,25.989583333333332
2023-10-15,26.645833333333332
2023-10-16,24.958333333333336
2023-10-17,31.25
2023-10-18,31.114583333333332
2023-10-19,31.781249999999996
2023-10-20,29.713414634146346
2023-10-21,35.083333333333336
2023-10-22,41.25533536585366
2023-10-23,33.229166666666664
2023-10-24,22.979166666666668
2023-10-25,6.589583333333334
2023-10-26,12.5
2023-10-27,19.114583333333336
2023-10-28,28.135416666666668
2023-10-29,30.239583333333336
2023-10-30,29.833333333333332
2023-10-31,30.302083333333336
2023-11-01,25.541666666666668
2023-11-02,26.1875
2023-11-03,22.84375
2023-11-04,27.177083333333332
2023-11-05,31.458333333333332
2023-11-06,36.65625000000001
2023-11-07,34.25
2023-11-08,35.85416666666667
2023-11-09,28.239583333333332
2023-11-10,27.95272988505747
2023-11-11,29.96875
2023-11-12,26.635416666666668
2023-11-13,20.489583333333332
2023-11-14,17.21875
2023-11-15,22.536853448275863
2023-11-16,22.791666666666664
2023-11-17,24.458333333333332
2023-11-18,25.604166666666668
2023-11-19,29.03125
2023-11-20,38.34375
2023-11-21,29.0625
2023-11-22,9.578125
2023-11-23,11.635416666666666
2023-11-24,21.375
2023-11-25,16.026041666666668
2023-11-26,22.148958333333333
2023-11-27,26.21875
2023-11-28,18.345833333333335
2023-11-29,15.208333333333334
2023-11-30,19.53125
2023-12-01,17.21875
2023-12-02,18.15625
2023-12-03,27.114583333333332
2023-12-04,22.312499999999996
2023-12-05,21.010416666666664
2023-12-06,15.322916666666666
2023-12-07,18.885416666666668
2023-12-08,19.802083333333332
2023-12-09,25.927083333333332
2023-12-10,22.697916666666668
2023-12-11,15.0625
2023-12-12,19.348958333333332
2023-12-13,12.708333333333334
2023-12-14,14.135416666666668
2023-12-15,15.807291666666666
2023-12-16,17.010416666666668
2023-12-17,25.645833333333332
2023-12-18,24.927083333333336
2023-12-19,25.989583333333332
2023-12-20,28.614583333333332
2023-12-21,25.5
2023-12-22,24.041666666666668
2023-12-23,29.489583333333332
2023-12-24,24.5625
2023-12-25,22.093750000000004
2023-12-26,13.895833333333332
2023-12-27,13.875000000000002
2023-12-28,21.864583333333332
2023-12-29,22.40625
2023-12-30,23.604166666666668
2023-12-31,30.906250000000004
2024-01-01,39.630208333333336
2024-01-02,21.5625
2024-01-03,22.4375
2024-01-04,21.364583333333336
2024-01-05,17.96875
2024-01-06,18.854166666666668
2024-01-07,15.473958333333336
2024-01-08,13.697916666666664
2024-01-09,17.84375
2024-01-10,24.52467105263158
2024-01-11,20.97532894736842
2024-01-12,22.739583333333332
2024-01-13,15.25
2024-01-14,22.010416666666668
2024-01-15,22.687500000000004
2024-01-16,27.072916666666668
2024-01-17,28.94927536231884
2024-01-18,25.927083333333332
2024-01-19,18.46875
2024-01-20,22.171875
2024-01-21,16.760416666666664
2024-01-22,21.474041889483065
2024-01-23,21.351325757575758
2024-01-24,17.125
2024-01-25,15.395833333333334
2024-01-26,14.291666666666666
2024-01-27,25.6875
2024-01-28,26.428482587064675
2024-01-29,25.626302083333332
2024-01-30,17.369791666666668
2024-01-31,24.58193407960199
2024-02-01,16.21875
2024-02-02,21.322916666666664
2024-02-03,26.59375
2024-02-04,25.520833333333332
2024-02-05,25.427083333333332
2024-02-06,22.260416666666668
2024-02-07,28.786458333333332
2024-02-08,34.270833333333336
2024-02-09,26.895833333333336
2024-02-10,23.822916666666664
2024-02-11,23.109375
2024-02-12,19.526041666666664
2024-02-13,23.354166666666668
2024-02-14,28.890625
2024-02-15,24.166666666666668
2024-02-16,19.546875
2024-02-17,17.6875
2024-02-18,28.020833333333336
2024-02-19,32.067708333333336
2024-02-20,33.60937499999999
2024-02-21,33.1171875
2024-02-22,40.604166666666664
2024-02-23,42.020833333333336
2024-02-24,44.06249999999999
2024-02-25,35.00476190476191
2024-02-26,28.66190476190476
2024-02-27,38.10416666666667
2024-02-28,45.200520833333336
2024-02-29,39.33333333333333
2024-03-01,33.177083333333336
2024-03-02,35.34375
2024-03-03,32.1875
2024-03-04,29.239583333333336
2024-03-05,31.8125
2024-03-06,37.85416666666667
2024-03-07,31.71875
2024-03-08,29.252232142857142
2024-03-09,36.22172619047619
2024-03-10,32.010416666666664
2024-03-11,29.03125
2024-03-12,31.552083333333336
2024-03-13,31.354166666666664
2024-03-14,25.348958333333336
2024-03-15,26.354166666666668
2024-03-16,28.708333333333332
2024-03-17,28.75
2024-03-18,27.65625
2024-03-19,39.04166666666667
2024-03-20,30.848958333333332
2024-03-21,24.052083333333332
2024-03-22,24.812500000000004
2024-03-23,38.30208333333333
2024-03-24,37.0625
2024-03-25,30.445075757575758
2024-03-26,35.33096590909091
2024-03-27,44.645833333333336
2024-03-28,43.458333333333336
2024-03-29,39.520833333333336
2024-03-30,44.82812499999999
2024-03-31,40.270833333333336
2024-04-01,30.602213541666668
2024-04-02,30.041666666666664
2024-04-03,23.364583333333332
2024-04-04,22.442708333333332
2024-04-05,27.78125
2024-04-06,31.065217391304348
2024-04-07,40.083333333333336
2024-04-08,30.51041666666667
2024-04-09,29.09375
2024-04-10,32.609375
2024-04-11,34.4375
2024-04-12,43.677083333333336
2024-04-13,44.989583333333336
2024-04-14,51.666666666666664
2024-04-15,41.79166666666667
2024-04-16,44.697916666666664
2024-04-17,49.68749999999999
2024-04-18,39.125
2024-04-19,41.38541666666667
2024-04-20,38.322916666666664
2024-04-21,39.822916666666664
2024-04-22,31.3125
2024-04-23,37.73625
2024-04-24,45.93750000000001
2024-04-25,53.84375
2024-04-26,43.77083333333333
2024-04-27,48.1875
2024-04-28,47.614583333333336
2024-04-29,46.0
2024-04-30,50.14583333333333
2024-05-01,50.338541666666664
2024-05-02,44.520833333333336
2024-05-03,48.385416666666664
2024-05-04,49.25
2024-05-05,53.552083333333336
2024-05-06,54.723958333333336
2024-05-07,58.692434210526315
2024-05-08,40.38541666666667
2024-05-09,53.91666666666667
2024-05-10,47.520833333333336
2024-05-11,62.65624999999999
2024-05-12,64.07291666666666
2024-05-13,64.6875
2024-05-14,61.520833333333336
2024-05-15,53.6812106918239
2024-05-16,42.375
2024-05-17,46.39170597484277
2024-05-18,54.614583333333336
2024-05-19,46.84375000000001
2024-05-20,48.15625
2024-05-21,56.645833333333336
2024-05-22,57.378605769230774
2024-05-23,48.19951923076923
2024-05-24,53.68749999999999
2024-05-25,52.260416666666664
2024-05-26,53.6875
2024-05-27,45.380208333333336
2024-05-28,52.010416666666664
2024-05-29,48.989583333333336
2024-05-30,38.614583333333336
2024-05-31,43.485416666666666
2024-06-01,40.96875
2024-06-02,45.645833333333336
2024-06-03,46.37265625
2024-06-04,45.48046875
2024-06-05,48.276041666666664
2024-06-06,46.15625
2024-06-07,50.5625
2024-06-08,47.83333333333333
2024-06-09,41.895833333333336
2024-06-10,38.666666666666664
2024-06-11,40.677083333333336
2024-06-12,44.4375
2024-06-13,45.427083333333336
2024-06-14,39.515625
2024-06-15,41.03125
2024-06-16,47.270833333333336
2024-06-17,42.614583333333336
2024-06-18,39.77604166666667
2024-06-19,29.416666666666668
2024-06-20,25.90104166666667
2024-06-21,24.307291666666664
2024-06-22,30.713541666666668
2024-06-23,23.21875
2024-06-24,24.463541666666668
2024-06-25,23.171875
2024-06-26,22.604166666666668
2024-06-27,25.286458333333332
2024-06-28,21.36154513888889
2024-06-29,24.755208333333332
2024-06-30,20.552083333333332
2024-07-01,17.197916666666664
2024-07-02,22.395833333333332
2024-07-03,26.336371527777775
2024-07-04,30.333333333333332
2024-07-05,30.260416666666668
2024-07-06,34.42708333333333
2024-07-07,41.739583333333336
2024-07-08,39.145833333333336
2024-07-09,20.666666666666664
2024-07-10,13.307432432432432
2024-07-11,20.06756756756757
2024-07-12,28.729166666666668
2024-07-13,26.229166666666668
2024-07-14,26.270833333333332
2024-07-15,25.708333333333332
2024-07-16,33.4375
2024-07-17,39.84375
2024-07-18,31.266898148148147
2024-07-19,18.984375
2024-07-20,27.25
2024-07-21,27.052083333333336
2024-07-22,17.9375
2024-07-23,20.503935185185185
2024-07-24,23.083333333333332
2024-07-25,34.083333333333336
2024-07-26,22.10300567595459
2024-07-27,20.520833333333332
2024-07-28,30.114583333333332
2024-07-29,24.375
2024-07-30,20.980392156862745
2024-07-31,23.217524509803923
2024-08-01,24.1875
2024-08-02,25.1875
2024-08-03,30.473958333333332
2024-08-04,33.552083333333336
2024-08-05,32.23958333333333
2024-08-06,35.335
2024-08-07,34.6475
2024-08-08,31.989583333333332
2024-08-09,31.36125
2024-08-10,29.656250000000004
2024-08-11,24.479166666666664
2024-08-12,16.083333333333336
2024-08-13,26.614583333333332
2024-08-14,34.708333333333336
2024-08-15,22.479166666666664
2024-08-16,19.020833333333332
2024-08-17,29.46953616352201
2024-08-18,30.774764150943398
2024-08-19,29.104166666666668
2024-08-20,26.0468137254902
2024-08-21,24.1875
2024-08-22,27.447916666666668
2024-08-23,23.15625
2024-08-24,29.25
2024-08-25,29.510416666666668
2024-08-26,24.885416666666668
2024-08-27,22.614583333333332
2024-08-28,36.145833333333336
2024-08-29,31.791666666666668
2024-08-30,36.348958333333336
2024-08-31,36.21875
2024-09-01,34.34375
2024-09-02,25.645833333333332
2024-09-03,34.9375
2024-09-04,31.3015350877193
2024-09-05,21.729166666666668
2024-09-06,20.090391156462584
2024-09-07,23.197916666666668
2024-09-08,34.447916666666664
2024-09-09,28.614583333333332
2024-09-10,25.428358843537413
2024-09-11,13.65625
2024-09-12,15.435416666666667
2024-09-13,27.46875
2024-09-14,41.885416666666664
2024-09-15,39.775
2024-09-16,38.53125
2024-09-17,30.062499999999996
2024-09-18,33.197916666666664
2024-09-19,33.38125
2024-09-20,30.249999999999996
2024-09-21,29.84375
2024-09-22,22.1875
2024-09-23,17.859375
2024-09-24,11.572916666666666
2024-09-25,14.659722222222221
2024-09-26,7.020833333333334
2024-09-27,8.083333333333332
2024-09-28,26.34375
2024-09-29,20.020833333333336
2024-09-30,25.733333333333334
2024-10-01,26.343750000000004
2024-10-02,25.916666666666664
2024-10-03,29.052083333333332
2024-10-04,28.479166666666664
2024-10-05,25.510416666666668
2024-10-06,14.635416666666666
2024-10-07,15.5625
2024-10-08,21.34375
2024-10-09,31.427083333333332
2024-10-10,28.708333333333332
2024-10-11,31.124999999999996
2024-10-12,36.510416666666664
2024-10-13,36.135416666666664
2024-10-14,27.026041666666668
2024-10-15,29.947916666666668
2024-10-16,27.34375
2024-10-17,34.08333333333333
2024-10-18,26.458333333333336
2024-10-19,26.791666666666668
2024-10-20,23.156250000000004
2024-10-21,10.645833333333334
2024-10-22,27.682291666666668
2024-10-23,28.161458333333332
2024-10-24,30.078124999999996
2024-10-25,26.1875
2024-10-26,27.067708333333332
2024-10-27,22.270833333333336
2024-10-28,19.53125
2024-10-29,28.197916666666664
2024-10-30,30.054534313725487
2024-10-31,25.041666666666668
2024-11-01,25.125
2024-11-02,28.526041666666668
2024-11-03,29.76041666666667
2024-11-04,26.34375
2024-11-05,30.75
2024-11-06,30.458333333333332
2024-11-07,30.05590986394558
2024-11-08,22.802083333333336
2024-11-09,23.489583333333336
2024-11-10,25.562499999999996
2024-11-11,24.980902777777775
2024-11-12,26.239583333333332
2024-11-13,23.604166666666668
2024-11-14,23.036458333333332
2024-11-15,26.958333333333332
2024-11-16,36.385416666666664
2024-11-17,30.14583333333333
2024-11-18,25.927083333333332
2024-11-19,22.817708333333332
2024-11-20,15.04415422885572
2024-11-21,27.1875
2024-11-22,23.864583333333336
2024-11-23,23.90625
2024-11-24,28.072916666666668
2024-11-25,23.44542910447761
2024-11-26,25.677083333333332
2024-11-27,24.229166666666668
2024-11-28,26.177083333333332
2024-11-29,31.3125
2024-11-30,27.781249999999996
2024-12-01,24.385416666666668
2024-12-02,22.572916666666668
2024-12-03,18.677083333333332
2024-12-04,23.864583333333332
2024-12-05,27.548878205128204
2024-12-06,23.406249999999996
2024-12-07,20.541666666666664
2024-12-08,26.4375
2024-12-09,28.828125
2024-12-10,33.40625
2024-12-11,32.315350596760446
2024-12-12,34.79800724637681
2024-12-13,30.447916666666668
2024-12-14,27.583333333333332
2024-12-15,26.062500000000004
2024-12-16,19.291666666666668
2024-12-17,25.697916666666668
2024-12-18,24.958333333333332
2024-12-19,18.598958333333332
2024-12-20,19.677083333333336
2024-12-21,19.171875
2024-12-22,23.375
2024-12-23,13.484375
2024-12-24,20.302083333333332
2024-12-25,31.020833333333336
2024-12-26,25.895833333333332
2024-12-27,24.052083333333336
2024-12-28,26.5
2024-12-29,35.302083333333336
2024-12-30,33.74404761904762
2024-12-31,36.66666666666667
2025-01-01,40.395833333333336
2025-01-02,27.677083333333336
2025-01-03,25.375
2025-01-04,26.90625
2025-01-05,23.489583333333332
2025-01-06,19.536458333333336
2025-01-07,18.96875
2025-01-08,22.03125
2025-01-09,18.619791666666668
2025-01-10,22.210227272727273
2025-01-11,16.28125
2025-01-12,15.916666666666668
2025-01-13,20.067708333333332
2025-01-14,21.354166666666668
2025-01-15,29.1875
2025-01-16,28.510416666666668
2025-01-17,33.0625
2025-01-18,30.28125
2025-01-19,35.307291666666664
2025-01-20,28.135416666666664
2025-01-21,26.510416666666664
2025-01-22,27.708333333333332
2025-01-23,31.947916666666664
2025-01-24,32.78885135135135
2025-01-25,39.0
2025-01-26,41.489583333333336
2025-01-27,37.041666666666664
2025-01-28,36.54166666666667
2025-01-29,29.916666666666664
2025-01-30,22.947916666666668
2025-01-31,28.750000000000004
2025-02-01,31.0625
2025-02-02,28.833333333333336
2025-02-03,31.385416666666664
2025-02-04,31.916666666666668
2025-02-05,35.84375
2025-02-06,33.09375
2025-02-07,31.78125
2025-02-08,35.40625
2025-02-09,43.67291666666666
2025-02-10,37.010416666666664
2025-02-11,35.302083333333336
2025-02-12,30.78125
2025-02-13,33.552083333333336
2025-02-14,40.979166666666664
2025-02-15,34.13541666666667
2025-02-16,33.302083333333336
2025-02-17,36.11979166666667
2025-02-18,27.114583333333332
2025-02-19,16.03125
2025-02-20,25.438516260162604
2025-02-21,24.877083333333335
2025-02-22,30.635416666666668
2025-02-23,33.26041666666667
2025-02-24,24.791666666666664
2025-02-25,34.07291666666667
2025-02-26,40.98437500000001
2025-02-27,43.23645833333333
2025-02-28,44.614583333333336
2025-03-01,42.15906531531532
2025-03-02,41.43074324324324
2025-03-03,40.69144144144144
2025-03-04,30.552083333333332
2025-03-05,45.040625
2025-03-06,35.489583333333336
2025-03-07,34.958333333333336
2025-03-08,34.854166666666664
2025-03-09,39.046875
2025-03-10,29.604166666666664
2025-03-11,40.947916666666664
2025-03-12,48.78125
2025-03-13,39.71874999999999
2025-03-14,35.604166666666664
2025-03-15,31.114583333333336
2025-03-16,48.791666666666664
2025-03-17,45.96875
2025-03-18,52.72727272727273
2025-03-19,51.6373106060606
2025-03-20,44.729166666666664
2025-03-21,42.854166666666664
2025-03-22,33.010416666666664
2025-03-23,41.71875
2025-03-24,38.0
2025-03-25,42.24479166666667
2025-03-26,29.493969298245617
2025-03-27,28.990405701754387
2025-03-28,29.380208333333332
2025-03-29,33.40625
2025-03-30,48.125
2025-03-31,45.302083333333336
2025-04-01,50.239583333333336
2025-04-02,42.34375
2025-04-03,37.71875
2025-04-04,33.947916666666664
2025-04-05,32.36458333333333
2025-04-06,33.04166666666667
2025-04-07,29.142463235294116
2025-04-08,38.008578431372555
2025-04-09,44.3125
2025-04-10,36.651041666666664
2025-04-11,33.45625
2025-04-12,43.552083333333336
2025-04-13,45.15625
2025-04-14,39.885416666666664
2025-04-15,39.53125
2025-04-16,48.93750000000001
2025-04-17,57.791666666666664
2025-04-18,62.88541666666666
2025-04-19,58.833333333333336
2025-04-20,48.927083333333336
2025-04-21,46.33333333333333
2025-04-22,46.33946078431373
2025-04-23,53.28184523809524
2025-04-24,55.145833333333336
2025-04-25,57.52083333333333
2025-04-26,53.1875
2025-04-27,46.104166666666664
2025-04-28,49.03645833333333
2025-04-29,50.65625
2025-04-30,45.8125
2025-05-01,48.59375
2025-05-02,45.529761904761905
2025-05-03,54.730654761904766
2025-05-04,40.99479166666667
2025-05-05,42.0
2025-05-06,38.89583333333333
2025-05-07,52.645833333333336
2025-05-08,44.6875
2025-05-09,35.625
2025-05-10,43.020833333333336
2025-05-11,29.932291666666668
2025-05-12,48.916666666666664
2025-05-13,50.15625
2025-05-14,48.89583333333333
2025-05-15,39.677083333333336
2025-05-16,52.78125
2025-05-17,50.489583333333336
2025-05-18,44.95833333333333
2025-05-19,49.79166666666667
2025-05-20,50.39583333333333
2025-05-21,46.06451955782313
2025-05-22,38.9375
2025-05-23,43.276041666666664
2025-05-24,42.385416666666664
2025-05-25,35.875
2025-05-26,28.375
2025-05-27,38.66145833333333
2025-05-28,23.401041666666668
2025-05-29,22.552083333333332
2025-05-30,34.791666666666664
2025-05-31,40.61458333333333
2025-06-01,43.6875
2025-06-02,38.182291666666664
2025-06-03,32.51225490196079
2025-06-04,35.510416666666664
2025-06-05,42.572916666666664
2025-06-06,40.395833333333336
2025-06-07,44.11458333333333
2025-06-08,42.5
2025-06-09,40.94444444444444
2025-06-10,48.76041666666667
2025-06-11,40.463541666666664
2025-06-12,28.46875
2025-06-13,21.958333333333332
2025-06-14,11.947916666666668
2025-06-15,16.84375
2025-06-16,10.447916666666666
2025-06-17,14.291666666666666
2025-06-18,11.5625
2025-06-19,9.364583333333334
2025-06-20,9.645833333333332
2025-06-21,9.572916666666666
2025-06-22,14.625
2025-06-23,16.907738095238095
2025-06-24,4.911458333333334
2025-06-25,19.1875
2025-06-26,16.296875
2025-06-27,18.770833333333332
2025-06-28,23.208333333333332
2025-06-29,19.791666666666664
2025-06-30,12.197916666666666
2025-07-01,15.34375
2025-07-02,19.541666666666668
2025-07-03,33.09375
2025-07-04,40.94940476190476
2025-07-05,43.34375
2025-07-06,38.5
2025-07-07,30.4375
2025-07-08,28.6875
2025-07-09,17.302083333333336
2025-07-10,26.21875
2025-07-11,31.489583333333332
2025-07-12,33.625
2025-07-13,39.78125
2025-07-14,25.453125
2025-07-15,25.984375
2025-07-16,37.083333333333336
2025-07-17,31.281249999999996
2025-07-18,29.546875
2025-07-19,30.208333333333332
2025-07-20,31.489583333333336
2025-07-21,37.80208333333333
2025-07-22,37.40625
2025-07-23,35.40625
2025-07-24,38.33333333333333
2025-07-25,38.135416666666664
2025-07-26,30.145833333333336
2025-07-27,27.130208333333336
2025-07-28,21.572916666666664
2025-07-29,27.677083333333332
2025-07-30,31.645833333333336
2025-07-31,26.052083333333332
2025-08-01,18.687499999999996
2025-08-02,29.260416666666664
2025-08-03,34.166666666666664
2025-08-04,29.338541666666664
2025-08-05,35.197916666666664
2025-08-06,17.5
2025-08-07,26.489583333333332
2025-08-08,29.036931818181817
2025-08-09,36.54166666666667
2025-08-10,42.609375
2025-08-11,37.80208333333333
2025-08-12,39.08333333333333
2025-08-13,27.651041666666664
2025-08-14,34.395833333333336
2025-08-15,23.927083333333332
2025-08-16,27.0625
2025-08-17,35.375
2025-08-18,31.59375
2025-08-19,31.0625
2025-08-20,30.802083333333332
2025-08-21,27.03125
2025-08-22,25.708333333333332
2025-08-23,29.739583333333336
2025-08-24,32.333333333333336
2025-08-25,37.635416666666664
2025-08-26,38.08502252252252
2025-08-27,17.66914414414414
2025-08-28,28.515625
2025-08-29,32.291666666666664
2025-08-30,28.302083333333332
2025-08-31,30.468750000000004
2025-09-01,18.135416666666664
2025-09-02,24.979166666666664
2025-09-03,31.210526315789473
2025-09-04,27.927083333333332
2025-09-05,31.135416666666664
2025-09-06,42.020833333333336
2025-09-07,38.63541666666667
2025-09-08,32.645833333333336
2025-09-09,27.484375
2025-09-10,23.21655701754386
2025-09-11,17.958333333333332
2025-09-12,15.46875
2025-09-13,24.375
2025-09-14,30.0625
2025-09-15,23.427083333333332
2025-09-16,23.625
2025-09-17,21.4375
2025-09-18,25.583333333333332
2025-09-19,26.90625
2025-09-20,24.96875
2025-09-21,26.21875
2025-09-22,28.281249999999996
2025-09-23,24.047149122807014
2025-09-24,28.484374999999996
2025-09-25,21.789583333333333
2025-09-26,25.20907738095238
2025-09-27,26.26041666666667
2025-09-28,29.734375
2025-09-29,23.5
2025-09-30,38.53125
2025-10-01,44.4375
2025-10-02,31.114583333333332
2025-10-03,35.69791666666667
2025-10-04,23.666666666666664
2025-10-05,16.96875
2025-10-06,18.041666666666668
2025-10-07,20.791666666666664
2025-10-08,11.71875
2025-10-09,7.833333333333334
2025-10-10,12.485756802721088
2025-10-11,21.083333333333332
2025-10-12,27.541666666666668
2025-10-13,24.614583333333332
2025-10-14,31.222576530612244
2025-10-15,33.145833333333336
2025-10-16,36.58333333333333
2025-10-17,35.125
2025-10-18,26.385416666666664
2025-10-19,27.854166666666664
2025-10-20,28.604166666666664
2025-10-21,26.40625
2025-10-22,22.395833333333332
2025-10-23,28.520833333333332
2025-10-24,34.89583333333333
2025-10-25,36.171875
2025-10-26,35.572916666666664
2025-10-27,29.01041666666667
2025-10-28,29.583333333333332
2025-10-29,26.585668103448278
2025-10-30,33.67708333333333
2025-10-31,30.351304945054945
2025-11-01,33.07291666666667
2025-11-02,30.760416666666664
2025-11-03,30.413690476190474
2025-11-04,31.40911172161172
2025-11-05,31.703882025193796
2025-11-06,34.979166666666664
2025-11-07,40.927083333333336
2025-11-08,39.645833333333336
2025-11-09,33.145833333333336
2025-11-10,21.739583333333332
2025-11-11,25.947916666666664
2025-11-12,33.229166666666664
2025-11-13,27.651041666666668
2025-11-14,26.09375
2025-11-15,28.53125
2025-11-16,29.46875
2025-11-17,32.44791666666667
2025-11-18,31.874999999999996
2025-11-19,25.880208333333332
2025-11-20,32.614583333333336
2025-11-21,33.181928294573645
2025-11-22,32.5625
2025-11-23,28.770833333333332
2025-11-24,32.822916666666664
2025-11-25,32.37068089430895
2025-11-26,28.489583333333336
2025-11-27,25.927083333333332
2025-11-28,21.441819105691057
2025-11-29,23.958333333333332
2025-11-30,34.46875
2025-12-01,27.520833333333332
2025-12-02,28.541666666666668
2025-12-03,31.552083333333332
2025-12-04,38.3898679748062
2025-12-05,29.322916666666668
2025-12-06,22.245833333333337
2025-12-07,34.73958333333333
2025-12-08,18.927083333333336
2025-12-09,24.010416666666668
2025-12-10,22.828125000000004
2025-12-11,22.010416666666668
2025-12-12,22.656250000000004
2025-12-13,24.84375
2025-12-14,24.666666666666664
2025-12-15,17.166666666666668
2025-12-16,22.25
2025-12-17,21.59375
2025-12-18,20.6875
2025-12-19,29.776041666666664
2025-12-20,33.15625
2025-12-21,37.17708333333333
2025-12-22,20.802083333333332
2025-12-23,21.860576923076923
2025-12-24,28.46875
2025-12-25,27.34375
2025-12-26,21.729166666666668
2025-12-27,27.510416666666664
2025-12-28,32.432291666666664
2025-12-29,28.3125
2025-12-30,24.020833333333332
2025-12-31,31.250000000000004
