fecha,PM25_promedio
01/01/20,31.28125
02/01/20,6.357638888888888
03/01/20,10.484375
04/01/20,30.875
05/01/20,21.4375
06/01/20,35.41666666666667
07/01/20,18.864583333333336
08/01/20,26.5
09/01/20,26.916666666666664
10/01/20,16.520833333333332
11/01/20,19.958333333333332
12/01/20,25.166666666666664
13/01/20,22.291666666666668
14/01/20,19.979166666666668
15/01/20,20.3125
16/01/20,27.0625
17/01/20,14.208333333333332
18/01/20,19.447916666666668
19/01/20,9.583333333333334
20/01/20,10.53125
21/01/20,19.21875
22/01/20,23.927083333333336
23/01/20,16.6875
24/01/20,15.041666666666666
25/01/20,15.729166666666668
26/01/20,12.46875
27/01/20,14.501407657657658
28/01/20,14.41525900900901
29/01/20,11.708333333333334
30/01/20,8.71875
31/01/20,10.403645833333332
01/02/20,21.083333333333336
02/02/20,21.197916666666664
03/02/20,8.395833333333332
04/02/20,10.648347701149426
05/02/20,15.239583333333334
06/02/20,18.197916666666668
07/02/20,17.15122126436782
08/02/20,16.479166666666668
09/02/20,14.4375
10/02/20,16.708333333333336
11/02/20,21.3125
12/02/20,14.5
13/02/20,21.572916666666664
14/02/20,28.770833333333336
15/02/20,26.916666666666664
16/02/20,14.3125
17/02/20,15.71875
18/02/20,18.208333333333332
19/02/20,23.395833333333336
20/02/20,24.9375
21/02/20,14.099537037037038
22/02/20,23.69212962962963
23/02/20,22.479166666666664
24/02/20,18.541666666666664
25/02/20,11.333333333333332
26/02/20,16.5
27/02/20,20.625
28/02/20,20.9375
29/02/20,22.25
01/03/20,25.125
02/03/20,20.520833333333336
03/03/20,13.625
04/03/20,13.197916666666668
05/03/20,22.375
06/03/20,35.04166666666667
07/03/20,35.91666666666667
08/03/20,22.59375
09/03/20,22.645833333333336
10/03/20,25.333333333333332
11/03/20,26.416666666666664
12/03/20,20.957655325443785
13/03/20,20.069526627218934
14/03/20,19.760416666666668
15/03/20,19.302083333333336
16/03/20,18.65625
17/03/20,18.46875
18/03/20,21.21875
19/03/20,18.885416666666668
20/03/20,19.489583333333336
21/03/20,22.385416666666668
22/03/20,18.739583333333336
23/03/20,18.197916666666668
24/03/20,18.71875
25/03/20,20.552083333333336
26/03/20,21.618651380670613
27/03/20,21.020833333333336
28/03/20,25.708333333333332
29/03/20,30.708333333333336
30/03/20,30.541666666666664
31/03/20,21.020833333333336
01/04/20,25.75
02/04/20,24.6875
03/04/20,20.875
04/04/20,18.083333333333332
05/04/20,17.708333333333332
06/04/20,20.958333333333336
07/04/20,20.739583333333336
08/04/20,23.3125
09/04/20,24.5
10/04/20,21.854166666666664
11/04/20,22.354166666666664
12/04/20,20.020833333333336
13/04/20,25
14/04/20,28
15/04/20,34.83333333333333
16/04/20,34.291666666666664
17/04/20,31.9375
18/04/20,36
19/04/20,38.77083333333333
20/04/20,28.104166666666664
21/04/20,25.25
22/04/20,23.645833333333336
23/04/20,21.104166666666664
24/04/20,27.229166666666664
25/04/20,24.479166666666664
26/04/20,17.364583333333336
27/04/20,11.791666666666668
28/04/20,17.729166666666668
29/04/20,19.375
30/04/20,11.739583333333332
01/05/20,13.833333333333334
02/05/20,18.104166666666668
03/05/20,15.270833333333332
04/05/20,13.791666666666668
05/05/20,16.75
06/05/20,17.729166666666668
07/05/20,23.1875
08/05/20,22.166666666666664
09/05/20,27.270833333333336
10/05/20,16.53125
11/05/20,16.541666666666664
12/05/20,23.375
13/05/20,27.625
14/05/20,32.27083333333333
15/05/20,28.416666666666664
16/05/20,17.479166666666664
17/05/20,22.625
18/05/20,23.458333333333336
19/05/20,20.166666666666664
20/05/20,37.9375
21/05/20,49.083333333333336
22/05/20,33.0625
23/05/20,25.666666666666664
24/05/20,26.458333333333332
25/05/20,23.229166666666668
26/05/20,30.729166666666664
27/05/20,44.41666666666667
28/05/20,29.270833333333336
29/05/20,16.854166666666664
30/05/20,14.25
31/05/20,16.104166666666664
01/06/20,21.1875
02/06/20,19.052083333333336
03/06/20,8.979166666666666
04/06/20,12.291666666666666
05/06/20,13.041666666666666
06/06/20,13.75
07/06/20,12.020833333333332
08/06/20,13.61703431372549
09/06/20,16.16421568627451
10/06/20,14.979166666666668
11/06/20,14.5
12/06/20,9.28125
13/06/20,11.854166666666668
14/06/20,17.5625
15/06/20,24.895833333333336
16/06/20,23.114583333333336
17/06/20,22.010416666666664
18/06/20,17.270833333333336
19/06/20,14.072916666666668
20/06/20,18.0625
21/06/20,19.208333333333336
22/06/20,16.997596153846153
23/06/20,14.598557692307692
24/06/20,13.290833333333332
25/06/20,14.114583333333332
26/06/20,14.5425
27/06/20,20.333333333333336
28/06/20,20.291666666666668
29/06/20,19.825757575757578
30/06/20,16.695235767816413
01/07/20,14.688300051203278
02/07/20,17.791666666666664
03/07/20,14.6875
04/07/20,16.854166666666664
05/07/20,18.458333333333336
06/07/20,15.625
07/07/20,14.208333333333332
08/07/20,15.333333333333332
09/07/20,14.291666666666668
10/07/20,16.916666666666664
11/07/20,15.145833333333332
12/07/20,14.1875
13/07/20,14.791666666666668
14/07/20,15.708333333333332
15/07/20,13.895833333333332
16/07/20,18.291666666666664
17/07/20,15.770833333333332
18/07/20,16.833333333333336
19/07/20,17.427083333333336
20/07/20,19.020833333333336
21/07/20,16.729166666666664
22/07/20,18.427083333333336
23/07/20,18.427083333333336
24/07/20,18.427083333333336
25/07/20,18.427083333333336
26/07/20,18.427083333333336
27/07/20,18.427083333333336
28/07/20,15.864583333333334
29/07/20,18.385416666666668
30/07/20,18.760416666666668
31/07/20,18.427083333333336
01/08/20,17.53125
02/08/20,18.614583333333336
03/08/20,17.947916666666668
04/08/20,19.572916666666668
05/08/20,17.239583333333336
06/08/20,16.510416666666668
07/08/20,14.614583333333334
08/08/20,13.760416666666668
09/08/20,17.760416666666668
10/08/20,16.052083333333336
11/08/20,15.09375
12/08/20,15.447916666666668
13/08/20,14.65625
14/08/20,18.635416666666668
15/08/20,17.84375
16/08/20,17.03125
17/08/20,16.364583333333336
18/08/20,15.46875
19/08/20,20.489583333333336
20/08/20,18.84375
21/08/20,17.239583333333336
22/08/20,16.96875
23/08/20,17.302083333333336
24/08/20,16.572916666666668
25/08/20,15.09375
26/08/20,14.739583333333334
27/08/20,17.03125
28/08/20,18.046875
29/08/20,17.614583333333336
30/08/20,13.875
31/08/20,10.760416666666668
01/09/20,17.979166666666668
02/09/20,15.416666666666666
03/09/20,16.958333333333332
04/09/20,10.927083333333332
05/09/20,8.80952381
06/09/20,8.225160256410257
07/09/20,12.308282726045885
08/09/20,19.95614035087719
09/09/20,15.083333333333334
10/09/20,16.208333333333332
11/09/20,14.231060606060606
12/09/20,20.729166666666664
13/09/20,10.34375
14/09/20,14.604166666666668
15/09/20,13.142857142857142
16/09/20,11.410714285714286
17/09/20,12.84155701754386
18/09/20,13.204605263157895
19/09/20,11.979166666666668
20/09/20,21.1875
21/09/20,21.375
22/09/20,24.270833333333332
23/09/20,24.541666666666664
24/09/20,21.5625
25/09/20,24.348651960784316
26/09/20,22.28125
27/09/20,21.03125
28/09/20,17.90625
29/09/20,19.776348039215684
30/09/20,23.395833333333336
01/10/20,20.666666666666668
02/10/20,12.375
03/10/20,12.427083333333334
04/10/20,15.229166666666668
05/10/20,17.4375
06/10/20,21.125
07/10/20,22.5625
08/10/20,21.020833333333336
09/10/20,19.03125
10/10/20,14.041666666666666
11/10/20,15.447916666666666
12/10/20,15.833333333333332
13/10/20,19.166666666666668
14/10/20,11.635416666666668
15/10/20,13.46875
16/10/20,11.0625
17/10/20,10.895833333333334
18/10/20,19.38095238095238
19/10/20,18.952380952380953
20/10/20,15.934027777777777
21/10/20,14.305555555555555
22/10/20,18.6875
23/10/20,14.44675925925926
24/10/20,14.041666666666668
25/10/20,15.697916666666668
26/10/20,16.65833333333333
27/10/20,25.291666666666664
28/10/20,27.145833333333336
29/10/20,26.78125
30/10/20,16.760416666666664
31/10/20,20.450000000000003
01/11/20,17.12291666666667
02/11/20,11.388392857142858
03/11/20,12.921875
04/11/20,24.166666666666668
05/11/20,24.177083333333336
06/11/20,28.645833333333336
07/11/20,32.979166666666664
08/11/20,23.052083333333336
09/11/20,25.645833333333336
10/11/20,24.354166666666668
11/11/20,25.416666666666664
12/11/20,26.106292517006803
13/11/20,23.22704081632653
14/11/20,25.666666666666664
15/11/20,18.8125
16/11/20,8.354166666666668
17/11/20,6.208333333333334
18/11/20,8.28125
19/11/20,12.708333333333332
20/11/20,19.645833333333332
21/11/20,9.384191176470589
22/11/20,10.709558823529413
23/11/20,15.479166666666668
24/11/20,21.5
25/11/20,23.5625
26/11/20,19.208333333333332
27/11/20,20.25
28/11/20,25.479166666666664
29/11/20,28.9375
30/11/20,35.1875
01/12/20,21.895833333333332
02/12/20,15.895833333333332
03/12/20,15.645833333333332
04/12/20,14.375
05/12/20,12.8125
06/12/20,14.114583333333332
07/12/20,27.145833333333336
08/12/20,25.625
09/12/20,23.4375
10/12/20,24.229166666666664
11/12/20,27.604166666666664
12/12/20,28.625
13/12/20,16.4375
14/12/20,20.375
15/12/20,18.083333333333336
16/12/20,23.666666666666664
17/12/20,22.375
18/12/20,21.791666666666664
19/12/20,25.041666666666668
20/12/20,22.416666666666664
21/12/20,31.916666666666664
22/12/20,30.333333333333336
23/12/20,30.024305555555557
24/12/20,29.944444444444443
25/12/20,45.604166666666664
26/12/20,26.1875
27/12/20,17.895833333333332
28/12/20,20.229166666666664
29/12/20,32.52083333333333
30/12/20,22.291666666666668
31/12/20,9.958333333333332
01/01/21,31.791666666666664
02/01/21,23.260416666666664
03/01/21,18.375
04/01/21,25.916666666666668
05/01/21,22.041666666666664
06/01/21,20
07/01/21,22.270833333333336
08/01/21,25.104166666666668
09/01/21,18.8125
10/01/21,12.333333333333332
11/01/21,13.520833333333334
12/01/21,12.229166666666668
13/01/21,20.270833333333336
14/01/21,18.791666666666668
15/01/21,24.6875
16/01/21,22.583333333333336
17/01/21,10.583333333333332
18/01/21,18.020833333333336
19/01/21,20.270833333333332
20/01/21,22.479166666666664
21/01/21,16.53125
22/01/21,23.0625
23/01/21,27.520833333333336
24/01/21,23.052083333333336
25/01/21,18.458333333333336
26/01/21,19.541666666666664
27/01/21,25.604166666666664
28/01/21,10.447916666666668
29/01/21,20.875
30/01/21,26.041666666666668
31/01/21,20.75
01/02/21,13.25
02/02/21,27.6875
03/02/21,17.666666666666664
04/02/21,26.489583333333332
05/02/21,32.14583333333333
06/02/21,22.416666666666668
07/02/21,25.875
08/02/21,17.479166666666668
09/02/21,23.6875
10/02/21,26.416666666666664
11/02/21,17.552083333333332
12/02/21,11.125
13/02/21,10.354166666666666
14/02/21,12.8125
15/02/21,14.114583333333332
16/02/21,13.729166666666668
17/02/21,17.458333333333336
18/02/21,23.166666666666664
19/02/21,38.39583333333333
20/02/21,28.479166666666664
21/02/21,26.208333333333336
22/02/21,41.79166666666667
23/02/21,30.854166666666668
24/02/21,22.895833333333336
25/02/21,26.041666666666664
26/02/21,34.885416666666664
27/02/21,33.48958333333333
28/02/21,31.4375
01/03/21,35.3125
02/03/21,38.854166666666664
03/03/21,32.125
04/03/21,26.3125
05/03/21,26.020833333333336
06/03/21,30.8125
07/03/21,23
08/03/21,26.604166666666668
09/03/21,20.5
10/03/21,20.9375
11/03/21,27.854166666666668
12/03/21,25.333333333333336
13/03/21,35.958333333333336
14/03/21,29.479166666666664
15/03/21,29.9375
16/03/21,25.291666666666664
17/03/21,23.895833333333336
18/03/21,26.416666666666664
19/03/21,31.604166666666668
20/03/21,32.1875
21/03/21,27.770833333333336
22/03/21,20.416666666666664
23/03/21,20.854166666666664
24/03/21,19.354166666666668
25/03/21,25
26/03/21,32.25434981684982
27/03/21,26.0625
28/03/21,25.0625
29/03/21,16.77907509157509
30/03/21,26.299908424908423
31/03/21,23.448809523809523
01/04/21,11.145833333333332
02/04/21,7.020833333333334
03/04/21,15.166666666666666
04/04/21,15.052083333333332
05/04/21,17.395833333333336
06/04/21,19.1875
07/04/21,17.583333333333332
08/04/21,23.145833333333336
09/04/21,23.270833333333336
10/04/21,25.208333333333336
11/04/21,26.916666666666664
12/04/21,32.6875
13/04/21,34.5
14/04/21,28.895833333333336
15/04/21,24.6875
16/04/21,29.65625
17/04/21,31.979166666666664
18/04/21,32.29166666666667
19/04/21,27.75
20/04/21,32.770833333333336
21/04/21,50.5
22/04/21,41.35416666666667
23/04/21,45.6875
24/04/21,48.9375
25/04/21,39.208333333333336
26/04/21,38.020833333333336
27/04/21,35.8125
28/04/21,34.5
29/04/21,29.458333333333336
30/04/21,37.29166666666667
01/05/21,33.08333333333333
02/05/21,29.541666666666664
03/05/21,23.5625
04/05/21,26.270833333333336
05/05/21,32.20833333333333
06/05/21,18.3125
07/05/21,15.6875
08/05/21,23.645833333333332
09/05/21,26.104166666666664
10/05/21,21.78125
11/05/21,24.541666666666664
12/05/21,17.395833333333336
13/05/21,8.71875
14/05/21,7.416666666666666
15/05/21,16.270833333333332
16/05/21,12.385416666666666
17/05/21,16.125
18/05/21,18.291666666666664
19/05/21,18.833333333333332
20/05/21,18.1875
21/05/21,20.604166666666668
22/05/21,17.854166666666668
23/05/21,24.854166666666664
24/05/21,15.729166666666666
25/05/21,17.5
26/05/21,19.416666666666664
27/05/21,18.770833333333336
28/05/21,24.041666666666664
29/05/21,27.6875
30/05/21,17.375
31/05/21,21.625
01/06/21,21.270833333333332
02/06/21,13.041666666666668
03/06/21,16.5
04/06/21,20.916666666666664
05/06/21,23.916666666666664
06/06/21,17.854166666666668
07/06/21,15.5625
08/06/21,20.104166666666668
09/06/21,29.572916666666664
10/06/21,13.625
11/06/21,12.145833333333332
12/06/21,13.277777777777777
13/06/21,14.274305555555557
14/06/21,10.979166666666668
15/06/21,11.875
16/06/21,8.6875
17/06/21,6.666666666666666
18/06/21,6.0625
19/06/21,2.5833333333333335
20/06/21,6.541666666666666
21/06/21,15.8125
22/06/21,16.875
23/06/21,9.520833333333332
24/06/21,16.083333333333332
25/06/21,8.875
26/06/21,4.854166666666666
27/06/21,3.520833333333333
28/06/21,6.861111111111112
29/06/21,9.166666666666668
30/06/21,18.866666666666667
01/07/21,12.229166666666668
02/07/21,11.9375
03/07/21,11
04/07/21,18.458333333333332
05/07/21,21.083333333333336
06/07/21,26.916666666666664
07/07/21,29.958333333333336
08/07/21,17.677083333333336
09/07/21,8.21875
10/07/21,18.291666666666668
11/07/21,24.020833333333336
12/07/21,20.833333333333332
13/07/21,21.541666666666668
14/07/21,16.103427021696255
15/07/21,17.333333333333336
16/07/21,15.166666666666668
17/07/21,19.8125
18/07/21,16.854166666666664
19/07/21,14.21875
20/07/21,19.10490631163708
21/07/21,18.3125
22/07/21,14.708333333333332
23/07/21,24.1875
24/07/21,25.416666666666664
25/07/21,15.479166666666668
26/07/21,12.395833333333334
27/07/21,16.875
28/07/21,17.6875
29/07/21,12.979166666666668
30/07/21,8.625
31/07/21,19.583333333333332
01/08/21,17.289001937984494
02/08/21,16.38590116
03/08/21,12.387596899224807
04/08/21,16.0625
05/08/21,13.114583333333332
06/08/21,15.916666666666668
07/08/21,20.104166666666668
08/08/21,15.125
09/08/21,16.104166666666664
10/08/21,14.708333333333332
11/08/21,13.625
12/08/21,17.53125
13/08/21,18.1875
14/08/21,11.729166666666668
15/08/21,9.104166666666666
16/08/21,11.4375
17/08/21,14.333333333333334
18/08/21,16.9375
19/08/21,15.625
20/08/21,12.270833333333332
21/08/21,5.895833333333334
22/08/21,9.375
23/08/21,8.875
24/08/21,7.885416666666666
25/08/21,7.317708333333333
26/08/21,12.442708333333332
27/08/21,15
28/08/21,4.5
29/08/21,7.822916666666666
30/08/21,10.854166666666666
31/08/21,10.125
01/09/21,12.03125
02/09/21,12.520833333333332
03/09/21,13.458333333333332
04/09/21,16.583333333333332
05/09/21,16.6875
06/09/21,14.354166666666668
07/09/21,10.9375
08/09/21,11.770833333333332
09/09/21,12.145833333333332
10/09/21,10.75
11/09/21,8.1875
12/09/21,5.166666666666666
13/09/21,13.052884615384617
14/09/21,4.467948717948718
15/09/21,19.104166666666668
16/09/21,28.375
17/09/21,19.833333333333336
18/09/21,12.9375
19/09/21,7.333333333333334
20/09/21,14.833333333333334
21/09/21,20.6875
22/09/21,9.583333333333334
23/09/21,10.395833333333332
24/09/21,16.1875
25/09/21,19.583333333333332
26/09/21,17.979166666666668
27/09/21,12.302083333333332
28/09/21,16.854166666666668
29/09/21,22.395833333333336
30/09/21,20.166666666666668
01/10/21,11.75
02/10/21,17.541666666666668
03/10/21,11.895833333333334
04/10/21,7.895833333333334
05/10/21,6.916666666666666
06/10/21,11.104166666666668
07/10/21,16.833333333333336
08/10/21,16.626004016064257
09/10/21,19.5625
10/10/21,13.270833333333332
11/10/21,17.875
12/10/21,17.583333333333336
13/10/21,19.875
14/10/21,20.416666666666664
15/10/21,20.125
16/10/21,13.416666666666668
17/10/21,13.53125
18/10/21,15.645833333333332
19/10/21,18.354166666666664
20/10/21,23.666666666666664
21/10/21,14.5
22/10/21,14.583333333333332
23/10/21,20.5
24/10/21,12.833333333333332
25/10/21,16.239583333333336
26/10/21,14.916666666666668
27/10/21,12.958333333333332
28/10/21,20.936495983935743
29/10/21,26.84375
30/10/21,20.104166666666664
31/10/21,17.375
01/11/21,19.854166666666668
02/11/21,17.204326923076923
03/11/21,16.108173076923077
04/11/21,22.666666666666664
05/11/21,20.916666666666664
06/11/21,15.302083333333332
07/11/21,13.791666666666668
08/11/21,19.6875
09/11/21,28.0625
10/11/21,25.6875
11/11/21,20.666666666666668
12/11/21,14.302083333333332
13/11/21,14.708333333333332
14/11/21,14.09375
15/11/21,14.645833333333332
16/11/21,17.791666666666664
17/11/21,20.916666666666664
18/11/21,18.854166666666664
19/11/21,11.875
20/11/21,13.666666666666668
21/11/21,16.5
22/11/21,15.791666666666668
23/11/21,10.739583333333334
24/11/21,17.083333333333336
25/11/21,25.208333333333336
26/11/21,20.125
27/11/21,26.333333333333332
28/11/21,29.458333333333336
29/11/21,25.833333333333336
30/11/21,22
01/12/21,14.791666666666668
02/12/21,10.78125
03/12/21,17.958333333333332
04/12/21,17.5
05/12/21,19.4375
06/12/21,26.520833333333332
07/12/21,22.916666666666664
08/12/21,28.25
09/12/21,38.25
10/12/21,35.0625
11/12/21,29.5625
12/12/21,23.375
13/12/21,17.927083333333336
14/12/21,20.375
15/12/21,25.666666666666668
16/12/21,27.9375
17/12/21,23.5625
18/12/21,25
19/12/21,26.125
20/12/21,23.458333333333336
21/12/21,28.28125
22/12/21,24.833333333333332
23/12/21,28.854166666666664
24/12/21,25.208333333333336
25/12/21,42.39583333333333
26/12/21,23.458333333333332
27/12/21,30.666666666666664
28/12/21,31.645833333333336
29/12/21,20.125
30/12/21,27.125
31/12/21,29.125
01/01/22,65.04166666666667
02/01/22,24.541666666666664
03/01/22,30.895833333333336
04/01/22,34.041666666666664
05/01/22,28.666666666666664
06/01/22,26.979166666666664
07/01/22,18.854166666666668
08/01/22,20.979166666666668
09/01/22,15.8125
10/01/22,14.716346153846153
11/01/22,14.033653846153847
12/01/22,18.375
13/01/22,19
14/01/22,20.625
15/01/22,20.229166666666664
16/01/22,32.5
17/01/22,18.8125
18/01/22,20.541666666666668
19/01/22,25.020833333333332
20/01/22,26.020833333333336
21/01/22,16.239583333333332
22/01/22,14.979166666666666
23/01/22,23.708333333333336
24/01/22,14.3125
25/01/22,11.239583333333332
26/01/22,14.8125
27/01/22,17.958333333333332
28/01/22,22.291666666666664
29/01/22,14.572916666666666
30/01/22,21.0625
31/01/22,12.291666666666668
01/02/22,10.229166666666668
02/02/22,14.4375
03/02/22,11.520833333333332
04/02/22,11.583333333333332
05/02/22,25.604166666666664
06/02/22,20.75
07/02/22,22.229166666666664
08/02/22,29.231907894736842
09/02/22,16.518092105263158
10/02/22,12.208333333333332
11/02/22,6.895833333333334
12/02/22,8.552083333333334
13/02/22,15.0625
14/02/22,24.104166666666664
15/02/22,22.833333333333332
16/02/22,15.375
17/02/22,16.979166666666668
18/02/22,23.770833333333336
19/02/22,28.5
20/02/22,26.625
21/02/22,18.583333333333332
22/02/22,20.35096153846154
23/02/22,19.878205128205128
24/02/22,24.958333333333336
25/02/22,31.4375
26/02/22,27
27/02/22,15.270833333333332
28/02/22,18.5625
01/03/22,17.333333333333336
02/03/22,23.145833333333332
03/03/22,29.979166666666664
04/03/22,25
05/03/22,19.833333333333332
06/03/22,25.166666666666668
07/03/22,23.979166666666664
08/03/22,18.083333333333336
09/03/22,12.726280120481928
10/03/22,17.03125
11/03/22,16.552083333333336
12/03/22,22.510416666666668
13/03/22,22.59375
14/03/22,22.53125
15/03/22,25.260416666666668
16/03/22,29.617469879518072
17/03/22,23.541666666666664
18/03/22,20.770833333333336
19/03/22,30.708333333333336
20/03/22,23.8125
21/03/22,17.833333333333336
22/03/22,15.8125
23/03/22,18.541666666666664
24/03/22,21.770833333333336
25/03/22,24.239583333333332
26/03/22,24.041666666666668
27/03/22,20.1875
28/03/22,27.354166666666668
29/03/22,32.46875
30/03/22,23.541666666666668
31/03/22,28.5
01/04/22,36.91666666666667
02/04/22,42.458333333333336
03/04/22,34.95833333333333
04/04/22,35.520833333333336
05/04/22,27.833333333333332
06/04/22,43.58333333333333
07/04/22,34.119791666666664
08/04/22,41.25
09/04/22,40.52083333333333
10/04/22,26
11/04/22,25.322916666666664
12/04/22,24.520833333333336
13/04/22,25.0625
14/04/22,30.708333333333336
15/04/22,29.875
16/04/22,24.979166666666668
17/04/22,17.0625
18/04/22,21.125
19/04/22,26.145833333333336
20/04/22,20.020833333333336
21/04/22,27.4375
22/04/22,14.416666666666668
23/04/22,24.083333333333336
24/04/22,23.395833333333336
25/04/22,17.125
26/04/22,18.126225490196077
27/04/22,12.582107843137255
28/04/22,22.32142857142857
29/04/22,23.91815476190476
30/04/22,27.208333333333336
01/05/22,25.604166666666668
02/05/22,33.4375
03/05/22,35.416666666666664
04/05/22,36.770833333333336
05/05/22,39.66666666666667
06/05/22,33.6875
07/05/22,23.270833333333332
08/05/22,28.958333333333336
09/05/22,28.041666666666664
10/05/22,19.520833333333336
11/05/22,16.19128787878788
12/05/22,13.850378787878789
13/05/22,16.979166666666668
14/05/22,17.520833333333332
15/05/22,17.333333333333336
16/05/22,18
17/05/22,25.75
18/05/22,30.270833333333336
19/05/22,29.895833333333336
20/05/22,38.458333333333336
21/05/22,46.229166666666664
22/05/22,38.02662037037037
23/05/22,25.53125
24/05/22,22.322916666666668
25/05/22,25.40625
26/05/22,24.451774691358025
27/05/22,21.094521604938272
28/05/22,15.385416666666666
29/05/22,18.416666666666664
30/05/22,21.4375
31/05/22,20.3125
01/06/22,15.520833333333332
02/06/22,11.25
03/06/22,15.75
04/06/22,23.6875
05/06/22,23.4375
06/06/22,18.4375
07/06/22,24.047951101928373
08/06/22,26.84375
09/06/22,16.572916666666668
10/06/22,17.197916666666668
11/06/22,17.239583333333336
12/06/22,14.761076675849402
13/06/22,16.086805555555557
14/06/22,16.104166666666664
15/06/22,9.416666666666666
16/06/22,17.145833333333332
17/06/22,16.770833333333336
18/06/22,17.25
19/06/22,8.8125
20/06/22,9.9375
21/06/22,7.34375
22/06/22,7.4375
23/06/22,13.395833333333332
24/06/22,20
25/06/22,24.833333333333336
26/06/22,16.979166666666668
27/06/22,9.770833333333332
28/06/22,10.583333333333334
29/06/22,14.479166666666666
30/06/22,18.9375
01/07/22,20.833333333333336
02/07/22,21.0625
03/07/22,16.833333333333332
04/07/22,8.416666666666666
05/07/22,8.291666666666666
06/07/22,21.8125
07/07/22,16.458333333333332
08/07/22,16.958333333333336
09/07/22,14.645833333333332
10/07/22,15.479166666666668
11/07/22,18.395833333333332
12/07/22,21.375
13/07/22,19.625
14/07/22,16.458333333333332
15/07/22,17.333333333333332
16/07/22,14.3125
17/07/22,15.583333333333334
18/07/22,25.75
19/07/22,24
20/07/22,15.375
21/07/22,15.041666666666668
22/07/22,21.864583333333336
23/07/22,17.4375
24/07/22,12.78125
25/07/22,15.15625
26/07/22,13.833333333333334
27/07/22,18.645833333333332
28/07/22,23.75
29/07/22,23.375
30/07/22,16.58083333333333
31/07/22,14.476666666666667
01/08/22,11.605
02/08/22,19.24375
03/08/22,17.359583333333333
04/08/22,19.260416666666668
05/08/22,16.895833333333336
06/08/22,19.104166666666668
07/08/22,13
08/08/22,9.770833333333332
09/08/22,13.895833333333334
10/08/22,15.666666666666668
11/08/22,11.385416666666668
12/08/22,11.416666666666668
13/08/22,16.135416666666668
14/08/22,12.25
15/08/22,10.875
16/08/22,10.479166666666666
17/08/22,18.333333333333336
18/08/22,18.71875
19/08/22,21.375
20/08/22,14.895833333333332
21/08/22,19.645833333333336
22/08/22,21.666666666666668
23/08/22,14.085227272727273
24/08/22,19.373106060606062
25/08/22,13.895833333333332
26/08/22,14.416666666666668
27/08/22,27.666666666666668
28/08/22,17.479166666666664
29/08/22,17.666666666666664
30/08/22,9.479166666666668
31/08/22,15.979166666666666
01/09/22,11.40990990990991
02/09/22,14.09375
03/09/22,6.423423423423423
04/09/22,6.75
05/09/22,3.7083333333333335
06/09/22,14.458333333333334
07/09/22,9.270833333333334
08/09/22,9.135416666666666
09/09/22,16.416666666666664
10/09/22,14.833333333333332
11/09/22,10.625
12/09/22,10.5
13/09/22,13.302083333333334
14/09/22,12.729166666666668
15/09/22,10.42159090909091
16/09/22,14.239583333333332
17/09/22,14.304924242424242
18/09/22,10.98181818181818
19/09/22,9.666666666666668
20/09/22,9.291666666666668
21/09/22,8.320833333333333
22/09/22,8.135185185185186
23/09/22,14.043981481481481
24/09/22,15.333333333333334
25/09/22,11.697916666666668
26/09/22,6.703125
27/09/22,11.787590579710145
28/09/22,17.635416666666664
29/09/22,13.802083333333334
30/09/22,15.395833333333334
01/10/22,25.104166666666664
02/10/22,21.979166666666668
03/10/22,25.395833333333336
04/10/22,22.458333333333332
05/10/22,24.666666666666668
06/10/22,17.270833333333332
07/10/22,13.6875
08/10/22,7.604166666666666
09/10/22,5.208333333333334
10/10/22,6.4375
11/10/22,10.25
12/10/22,11.822916666666668
13/10/22,11.5
14/10/22,17.333333333333336
15/10/22,18.864583333333332
16/10/22,18.083333333333336
17/10/22,17.541666666666668
18/10/22,10.5625
19/10/22,6.8125
20/10/22,13.072916666666668
21/10/22,20.541666666666668
22/10/22,24.979166666666668
23/10/22,20.875
24/10/22,22.979166666666664
25/10/22,24.208333333333332
26/10/22,22.708333333333336
27/10/22,26.3109375
28/10/22,31.875
29/10/22,26.395833333333336
30/10/22,25.625
31/10/22,20.625
01/11/22,27.291666666666668
02/11/22,21.708333333333332
03/11/22,25.760416666666664
04/11/22,20.145833333333336
05/11/22,25.166666666666664
06/11/22,25.799999999999997
07/11/22,16.197916666666668
08/11/22,11.108333333333334
09/11/22,13.3125
10/11/22,15.90625
11/11/22,26.41041666666667
12/11/22,29.96875
13/11/22,24.010416666666668
14/11/22,21.28125
15/11/22,23.349999999999998
16/11/22,23.166666666666664
17/11/22,21.339285714285715
18/11/22,19.532738095238095
19/11/22,24.6875
20/11/22,28.645833333333336
21/11/22,15.78125
22/11/22,25.541666666666664
23/11/22,33.854166666666664
24/11/22,31
25/11/22,21.354166666666668
26/11/22,13.28125
27/11/22,16.9375
28/11/22,20.520833333333336
29/11/22,25.645833333333336
30/11/22,15.270833333333332
01/12/22,12.395833333333334
02/12/22,19.854166666666668
03/12/22,19.3125
04/12/22,7.145833333333333
05/12/22,19.333333333333332
06/12/22,25.041666666666664
07/12/22,23.708333333333336
08/12/22,26.375
09/12/22,33.91666666666667
10/12/22,22.958333333333336
11/12/22,18.520833333333336
12/12/22,22.75
13/12/22,27.708333333333332
14/12/22,21.479166666666664
15/12/22,26.208333333333332
16/12/22,26.916666666666664
17/12/22,25.4375
18/12/22,30.4375
19/12/22,27.666666666666668
20/12/22,28
21/12/22,16.6125
22/12/22,25.1875
23/12/22,22.770833333333336
24/12/22,24.25
25/12/22,35.479166666666664
26/12/22,17.270833333333332
27/12/22,19.458333333333332
28/12/22,18.791666666666668
29/12/22,13.979166666666668
30/12/22,14.75
31/12/22,14.340277777777779
01/01/23,43.479166666666664
02/01/23,10.375
03/01/23,10.572916666666666
04/01/23,19.645833333333336
05/01/23,18.114583333333336
06/01/23,21.5
07/01/23,24.25
08/01/23,19.145833333333336
09/01/23,29.854166666666664
10/01/23,27.291666666666664
11/01/23,26.21875
12/01/23,25.75
13/01/23,15.458333333333332
14/01/23,20.145833333333332
15/01/23,23.0625
16/01/23,31.520833333333332
17/01/23,28.520833333333336
18/01/23,27.375
19/01/23,32.84375
20/01/23,34.5
21/01/23,25.90625
22/01/23,22.895833333333336
23/01/23,15.90625
24/01/23,13.5625
25/01/23,23.666666666666664
26/01/23,22.270833333333336
27/01/23,23.625
28/01/23,21.979166666666668
29/01/23,23.041666666666668
30/01/23,23.958333333333336
31/01/23,19.03425141242938
01/02/23,22.28125
02/02/23,19.03125
03/02/23,20.072916666666668
04/02/23,20.15625
05/02/23,16.989583333333336
06/02/23,17.177083333333336
07/02/23,22.01783192090395
08/02/23,29.395833333333332
09/02/23,27.791666666666668
10/02/23,26.875
11/02/23,20.458333333333332
12/02/23,25.75
13/02/23,22.416666666666668
14/02/23,16.473039215686274
15/02/23,14.089460784313726
16/02/23,17.0625
17/02/23,28.604166666666664
18/02/23,20.979166666666664
19/02/23,13.604166666666668
20/02/23,19.416666666666668
21/02/23,16.645833333333336
22/02/23,13.708333333333334
23/02/23,21.239583333333336
24/02/23,23.708333333333336
25/02/23,21.979166666666668
26/02/23,17.75
27/02/23,17.229166666666668
28/02/23,19.375
01/03/23,23.270833333333336
02/03/23,22.145833333333332
03/03/23,20.020833333333332
04/03/23,23.020833333333336
05/03/23,24.479166666666664
06/03/23,22.4375
07/03/23,18
08/03/23,23.604166666666664
09/03/23,19.833333333333332
10/03/23,19.104166666666664
11/03/23,22.916666666666664
12/03/23,21.666666666666668
13/03/23,18.375
14/03/23,20.427083333333332
15/03/23,20.041666666666668
16/03/23,12.791666666666668
17/03/23,17.333333333333336
18/03/23,15.541666666666668
19/03/23,20.8125
20/03/23,13.125
21/03/23,17.27462121212121
22/03/23,21.08996212121212
23/03/23,19.125
24/03/23,25.1875
25/03/23,29.5
26/03/23,32.645833333333336
27/03/23,31.208333333333336
28/03/23,29.1875
29/03/23,28.03125
30/03/23,23.145833333333332
31/03/23,26.145833333333336
01/04/23,26.395833333333336
02/04/23,27.666666666666668
03/04/23,28.125
04/04/23,25.875
05/04/23,28.208333333333336
06/04/23,25.875
07/04/23,20.75
08/04/23,23.229166666666668
09/04/23,20.916666666666664
10/04/23,21.9375
11/04/23,17.103807471264368
12/04/23,13.052442528735632
13/04/23,15.854166666666666
14/04/23,19.75
15/04/23,16.21875
16/04/23,18.875
17/04/23,17.177083333333332
18/04/23,18.375
19/04/23,21.6875
20/04/23,26.354166666666668
21/04/23,17.5625
22/04/23,18.104166666666664
23/04/23,17.083333333333336
24/04/23,20.552083333333336
25/04/23,16.8125
26/04/23,26.625
27/04/23,33.16666666666667
28/04/23,25.895833333333336
29/04/23,24.479166666666668
30/04/23,21.989583333333336
01/05/23,21.813657407407405
02/05/23,22.760416666666668
03/05/23,25.927083333333336
04/05/23,26.739583333333336
05/05/23,28.135416666666664
06/05/23,26.114583333333336
07/05/23,20.489583333333336
08/05/23,18.84375
09/05/23,19.947916666666668
10/05/23,21.53125
11/05/23,22.260416666666668
12/05/23,21.239583333333336
13/05/23,20.677083333333336
14/05/23,18.864583333333336
15/05/23,15.16550925925926
16/05/23,21.645833333333336
17/05/23,23.291666666666664
18/05/23,21.770833333333336
19/05/23,22.8125
20/05/23,20.458333333333336
21/05/23,15.333333333333334
22/05/23,22.9375
23/05/23,26.416666666666664
24/05/23,23.93333333333333
25/05/23,24
26/05/23,19.416666666666664
27/05/23,20.270833333333336
28/05/23,16.958333333333336
29/05/23,15.9375
30/05/23,18
31/05/23,22.208333333333332
01/06/23,25.604166666666664
02/06/23,26.333333333333336
03/06/23,17.9375
04/06/23,14.875
05/06/23,25.708333333333336
06/06/23,18.989583333333332
07/06/23,24.0625
08/06/23,22.479166666666668
09/06/23,18.625
10/06/23,21.166666666666664
11/06/23,24.1875
12/06/23,16.125
13/06/23,13.791666666666666
14/06/23,17.166666666666664
15/06/23,23.104166666666664
16/06/23,21.9375
17/06/23,15.84375
18/06/23,16.791666666666664
19/06/23,13.197916666666666
20/06/23,19.5
21/06/23,15.5
22/06/23,17.395833333333336
23/06/23,15.479166666666668
24/06/23,9.604166666666668
25/06/23,10.250452898550725
26/06/23,10.718297101449277
27/06/23,14.604166666666668
28/06/23,13.145833333333332
29/06/23,11.480654761904763
30/06/23,5.852678571428571
01/07/23,9.645833333333332
02/07/23,9.9375
03/07/23,19.020833333333336
04/07/23,23.5625
05/07/23,23.208333333333336
06/07/23,14.302083333333334
07/07/23,13.052083333333332
08/07/23,17.333333333333332
09/07/23,12.270833333333332
10/07/23,11.619791666666668
11/07/23,12.734375
12/07/23,14.4375
13/07/23,12.1875
14/07/23,14.0625
15/07/23,17.020833333333332
16/07/23,11.53125
17/07/23,14.125
18/07/23,13.020833333333334
19/07/23,14.833333333333332
20/07/23,11.895833333333334
21/07/23,14.0625
22/07/23,12.614583333333334
23/07/23,9.020833333333334
24/07/23,8.395833333333332
25/07/23,17.375
26/07/23,15.229166666666668
27/07/23,19.416666666666664
28/07/23,14.125
29/07/23,12.666666666666668
30/07/23,7.658333333333333
31/07/23,9.570833333333333
01/08/23,9.552083333333332
02/08/23,8.09375
03/08/23,12.636124595469255
04/08/23,13.760416666666668
05/08/23,16.197916666666668
06/08/23,12.71875
07/08/23,14.561792071197411
08/08/23,12.375
09/08/23,11.302083333333332
10/08/23,13.625
11/08/23,19.458333333333332
12/08/23,16.229166666666668
13/08/23,13.729166666666666
14/08/23,8.854166666666668
15/08/23,10.854166666666668
16/08/23,10.15625
17/08/23,12.645833333333334
18/08/23,17.625
19/08/23,17.159552845528456
20/08/23,20.28125
21/08/23,17.114583333333336
22/08/23,14.41336382113821
23/08/23,8.3125
24/08/23,7.1875
25/08/23,10.0625
26/08/23,20.833333333333336
27/08/23,10.260416666666668
28/08/23,13.0625
29/08/23,14.25
30/08/23,14.875
31/08/23,24.354166666666668
01/09/23,28.09375
02/09/23,15.104166666666668
03/09/23,15.333333333333332
04/09/23,12.958333333333332
05/09/23,12.104166666666666
06/09/23,15.802083333333334
07/09/23,14.020833333333334
08/09/23,10.1875
09/09/23,10.104166666666668
10/09/23,8.943606322
11/09/23,14.427083333333334
12/09/23,14.264727011494251
13/09/23,20.5
14/09/23,23.666666666666664
15/09/23,20
16/09/23,20.333333333333332
17/09/23,19.5625
18/09/23,16.208333333333336
19/09/23,11.489583333333332
20/09/23,12.552083333333334
21/09/23,15.916666666666668
22/09/23,14.5625
23/09/23,14.291666666666666
24/09/23,8.34375
25/09/23,7.645833333333334
26/09/23,9.25
27/09/23,12.39297619047619
28/09/23,14.208333333333332
29/09/23,15.770833333333332
30/09/23,18.270833333333336
01/10/23,17.625
02/10/23,15.6875
03/10/23,14.5625
04/10/23,15.895833333333332
05/10/23,16.8125
06/10/23,12.270833333333332
07/10/23,11.583333333333334
08/10/23,11.479166666666666
09/10/23,12.1875
10/10/23,10.041666666666666
11/10/23,15.958333333333332
12/10/23,12.947916666666668
13/10/23,17.8125
14/10/23,14.229166666666668
15/10/23,12.34375
16/10/23,18.427083333333336
17/10/23,18.770833333333336
18/10/23,19.020833333333336
19/10/23,17.5625
20/10/23,15.3125
21/10/23,19.895833333333336
22/10/23,17.854166666666664
23/10/23,18.208333333333336
24/10/23,17.5
25/10/23,18.197916666666664
26/10/23,17.59375
27/10/23,17.052083333333336
28/10/23,15.927083333333334
29/10/23,17.614583333333336
30/10/23,18.635416666666668
31/10/23,18.197916666666668
01/11/23,22.760416666666668
02/11/23,18.53125
03/11/23,17.177083333333336
04/11/23,18.885416666666668
05/11/23,17.46875
06/11/23,20.760416666666668
07/11/23,19.363425925925924
08/11/23,19.979166666666664
09/11/23,19.520833333333332
10/11/23,26.75
11/11/23,18.791666666666664
12/11/23,11.895833333333332
13/11/23,18
14/11/23,15.416666666666668
15/11/23,15.65625
16/11/23,19.020833333333332
17/11/23,20.333333333333332
18/11/23,14.479166666666666
19/11/23,19.354166666666664
20/11/23,26.458333333333336
21/11/23,25.87083333333333
22/11/23,21.135416666666668
23/11/23,15.983333333333333
24/11/23,11.916666666666666
25/11/23,13.114583333333332
26/11/23,12.03125
27/11/23,23.625
28/11/23,15.979166666666668
29/11/23,12.333333333333334
30/11/23,13.8125
01/12/23,11.65625
02/12/23,17.479166666666664
03/12/23,34.677083333333336
04/12/23,19.229166666666668
05/12/23,25.875
06/12/23,9.890625
07/12/23,14.958333333333334
08/12/23,14.520833333333334
09/12/23,19.833333333333332
10/12/23,14.6875
11/12/23,20.166666666666664
12/12/23,38.5625
13/12/23,34.90625
14/12/23,38.54166666666667
15/12/23,17.0625
16/12/23,13.020833333333334
17/12/23,19.416666666666668
18/12/23,21.604166666666664
19/12/23,38.91666666666667
20/12/23,31.875
21/12/23,26.3125
22/12/23,28.375
23/12/23,30.979166666666664
24/12/23,27.791666666666664
25/12/23,34.8125
26/12/23,16.25
27/12/23,12.15625
28/12/23,17.4375
29/12/23,17.729166666666664
30/12/23,17.291666666666668
31/12/23,21.791666666666664
01/01/24,65.75
02/01/24,22.65625
03/01/24,19.239583333333336
04/01/24,14.041666666666666
05/01/24,10.5625
06/01/24,9.885416666666668
07/01/24,13.583333333333334
08/01/24,15.138392857142856
09/01/24,10.62202380952381
10/01/24,10.895833333333334
11/01/24,15.440416666666668
12/01/24,18.479166666666664
13/01/24,15.5
14/01/24,15.09375
15/01/24,17.447916666666668
16/01/24,21.177083333333336
17/01/24,23.630434782608695
18/01/24,26.6875
19/01/24,21.135416666666668
20/01/24,15.614583333333332
21/01/24,19.458333333333336
22/01/24,14.291666666666666
23/01/24,14.604166666666668
24/01/24,14.395833333333334
25/01/24,13.177083333333334
26/01/24,9.583333333333332
27/01/24,15.427083333333332
28/01/24,30.770833333333332
29/01/24,27.416666666666664
30/01/24,17.666666666666664
31/01/24,21.739583333333332
01/02/24,21.90625
02/02/24,14.822916666666668
03/02/24,11.482007575757576
04/02/24,15.03125
05/02/24,14.510416666666668
06/02/24,16.070075757575758
07/02/24,23.1875
08/02/24,28.916666666666664
09/02/24,25.458333333333336
10/02/24,16.375
11/02/24,8.9375
12/02/24,11.864583333333332
13/02/24,18.572916666666668
14/02/24,29.166666666666668
15/02/24,15.052083333333332
16/02/24,18.666666666666668
17/02/24,8.2
18/02/24,20.364583333333332
19/02/24,21.6875
20/02/24,17.5625
21/02/24,18.99702380952381
22/02/24,31.479166666666668
23/02/24,29.989583333333336
24/02/24,37.69791666666667
25/02/24,19.65625
26/02/24,14.666666666666668
27/02/24,25.78125
28/02/24,38.03125
29/02/24,27.26736111111111
01/03/24,24.01388888888889
02/03/24,21.53125
03/03/24,20.322916666666664
04/03/24,19.395833333333336
05/03/24,23.333333333333332
06/03/24,25.3125
07/03/24,19.510416666666664
08/03/24,15.864583333333332
09/03/24,22.145833333333336
10/03/24,29.125
11/03/24,24.302083333333336
12/03/24,21.875
13/03/24,22.291666666666664
14/03/24,21.802083333333336
15/03/24,20.770833333333336
16/03/24,21.64479166666667
17/03/24,17.401041666666668
18/03/24,17.354166666666664
19/03/24,26.614583333333336
20/03/24,23.1875
21/03/24,20.083333333333336
22/03/24,20.541666666666664
23/03/24,28.708333333333332
24/03/24,22.739583333333336
25/03/24,25.401348039215684
26/03/24,27.979779411764707
27/03/24,42.19178921568627
28/03/24,42.48958333333333
29/03/24,32
30/03/24,38.895833333333336
31/03/24,45.322916666666664
01/04/24,24.625
02/04/24,25.770833333333332
03/04/24,18.979166666666668
04/04/24,16.25
05/04/24,18.208333333333336
06/04/24,14.771739130434781
07/04/24,20.395833333333332
08/04/24,20.885416666666668
09/04/24,17.916666666666664
10/04/24,17.729166666666668
11/04/24,24.385416666666668
12/04/24,23.729166666666664
13/04/24,20.979166666666668
14/04/24,22.489583333333332
15/04/24,29.1875
16/04/24,28.104166666666664
17/04/24,27.958333333333336
18/04/24,29.3125
19/04/24,36.59375
20/04/24,33.63541666666667
21/04/24,25.395833333333336
22/04/24,23.885416666666664
23/04/24,26.6875
24/04/24,26.510416666666664
25/04/24,29.125
26/04/24,37.53125
27/04/24,30.918439716312058
28/04/24,23.46875
29/04/24,24.510195035460995
30/04/24,34.135416666666664
01/05/24,28.802083333333336
02/05/24,29.104166666666668
03/05/24,37.208333333333336
04/05/24,35.70833333333333
05/05/24,25.254562043795623
06/05/24,26.46875
07/05/24,24.239583333333336
08/05/24,25.947916666666668
09/05/24,30.927083333333336
10/05/24,20.46875
11/05/24,24.177083333333336
12/05/24,31.53125
13/05/24,37.447916666666664
14/05/24,36.21875
15/05/24,33.302083333333336
16/05/24,26.822916666666664
17/05/24,24.802083333333336
18/05/24,23.197916666666668
19/05/24,22.34375
20/05/24,20.614583333333336
21/05/24,19.135416666666668
22/05/24,26.489583333333336
23/05/24,19.65625
24/05/24,23.885416666666668
25/05/24,20.697916666666668
26/05/24,20.34375
27/05/24,18.548281630170315
28/05/24,24.0625
29/05/24,31.75
30/05/24,26.59375
31/05/24,24.041666666666668
01/06/24,24.916666666666668
02/06/24,20.520833333333336
03/06/24,19.979166666666668
04/06/24,18.4375
05/06/24,28.583333333333332
06/06/24,27.604166666666664
07/06/24,32.177083333333336
08/06/24,28.822916666666668
09/06/24,30.336309523809526
10/06/24,22.052083333333336
11/06/24,21.604166666666664
12/06/24,18.416666666666664
13/06/24,16.276785714285715
14/06/24,16.077380952380953
15/06/24,13.729166666666666
16/06/24,14.28125
17/06/24,13.020833333333332
18/06/24,13.510416666666668
19/06/24,10.822916666666668
20/06/24,9.71875
21/06/24,5.916666666666666
22/06/24,10.46875
23/06/24,15.427083333333334
24/06/24,20.760416666666668
25/06/24,13.645833333333334
26/06/24,11.340277777777779
27/06/24,16.680555555555557
28/06/24,13.520833333333332
29/06/24,12.8375
30/06/24,11.858333333333333
01/07/24,6.1625000000000005
02/07/24,8.229166666666666
03/07/24,8.5
04/07/24,14.833333333333332
05/07/24,18.0625
06/07/24,19.4375
07/07/24,21.708333333333336
08/07/24,15.364583333333332
09/07/24,13.78125
10/07/24,8.895833333333332
11/07/24,12.169730392156861
12/07/24,11.625
13/07/24,19.1875
14/07/24,19.14732142857143
15/07/24,23.061011904761905
16/07/24,24.864759887005647
17/07/24,19.135416666666668
18/07/24,15.864583333333334
19/07/24,18.91649011299435
20/07/24,17.11328125
21/07/24,13.4375
22/07/24,9.928385416666668
23/07/24,11.953125
24/07/24,22.776041666666664
25/07/24,20.791666666666668
26/07/24,21.020833333333332
27/07/24,28.875
28/07/24,23.25
29/07/24,12.03125
30/07/24,14.322916666666666
31/07/24,23.3125
01/08/24,14.677083333333332
02/08/24,12.254166666666666
03/08/24,16.773611111111112
04/08/24,12.871212121212121
05/08/24,17.583333333333332
06/08/24,15.916666666666668
07/08/24,16.166666666666668
08/08/24,16.041666666666668
09/08/24,18.197916666666664
10/08/24,16.604166666666664
11/08/24,17.978971962616825
12/08/24,13.291666666666668
13/08/24,15.729166666666668
14/08/24,17
15/08/24,14.708333333333332
16/08/24,13.791666666666668
17/08/24,15.208333333333332
18/08/24,13.90625
19/08/24,15.229166666666668
20/08/24,12.813668224299064
21/08/24,11.208333333333332
22/08/24,12.447916666666666
23/08/24,14.427083333333332
24/08/24,16.604166666666664
25/08/24,19.447916666666668
26/08/24,12.995471014492754
27/08/24,14.046195652173914
28/08/24,16.416666666666668
29/08/24,16.041666666666668
30/08/24,18.50347222222222
31/08/24,19.45433429118774
01/09/24,16.268199233716473
02/09/24,16.979166666666664
03/09/24,21.8125
04/09/24,18.270833333333336
05/09/24,15.791666666666668
06/09/24,13.802083333333332
07/09/24,11.645833333333334
08/09/24,12.979166666666668
09/09/24,21.291666666666664
10/09/24,19.229166666666664
11/09/24,14.833333333333332
12/09/24,16.375
13/09/24,22.145833333333336
14/09/24,19.125
15/09/24,18.979166666666664
16/09/24,29.5
17/09/24,21.729166666666664
18/09/24,20.58596743295019
19/09/24,15.292193486590037
20/09/24,21.375
21/09/24,17.041666666666668
22/09/24,9.895833333333332
23/09/24,11.739583333333334
24/09/24,11.222222222222221
25/09/24,10.027777777777779
26/09/24,9.791666666666666
27/09/24,6.625
28/09/24,13.770833333333332
29/09/24,19.5625
30/09/24,19.395833333333332
01/10/24,12.479166666666668
02/10/24,9.354166666666666
03/10/24,11.458333333333334
04/10/24,20.104166666666664
05/10/24,19.520833333333332
06/10/24,9.5625
07/10/24,9.645833333333334
08/10/24,14.760416666666668
09/10/24,22.25
10/10/24,11.989583333333332
11/10/24,14.339285714285715
12/10/24,16.86904761904762
13/10/24,30.25
14/10/24,22.583333333333332
15/10/24,20.333333333333332
16/10/24,16.020833333333332
17/10/24,12.208333333333332
18/10/24,17.104166666666664
19/10/24,7.25
20/10/24,8.270833333333332
21/10/24,6.854166666666666
22/10/24,10.625
23/10/24,15.875
24/10/24,17.208333333333336
25/10/24,25.041666666666668
26/10/24,17.770833333333332
27/10/24,13.666666666666668
28/10/24,19.020833333333336
29/10/24,28
30/10/24,26.541666666666664
31/10/24,23.354166666666664
01/11/24,21.166666666666664
02/11/24,23.5
03/11/24,26.666666666666664
04/11/24,27.770833333333332
05/11/24,25.041666666666664
06/11/24,24.708333333333336
07/11/24,26.4375
08/11/24,16.5625
09/11/24,14
10/11/24,15.9375
11/11/24,15.034313725490195
12/11/24,16.677083333333336
13/11/24,17.370710784313726
14/11/24,14.438725490196079
15/11/24,19.34375
16/11/24,28.416666666666664
17/11/24,17.479166666666668
18/11/24,15.354166666666668
19/11/24,19.583333333333336
20/11/24,17.6875
21/11/24,17.645833333333332
22/11/24,27.430555555555557
23/11/24,16.73611111111111
24/11/24,19.427083333333332
25/11/24,17.9375
26/11/24,15.53125
27/11/24,26.333333333333332
28/11/24,26.833333333333336
29/11/24,28.229166666666668
30/11/24,26.125
01/12/24,18.1375
02/12/24,21.2375
03/12/24,23.53125
04/12/24,23.802083333333336
05/12/24,19.802083333333336
06/12/24,21.135416666666668
07/12/24,16.635416666666668
08/12/24,17.770833333333332
09/12/24,26.770833333333336
10/12/24,30.020833333333336
11/12/24,19.958333333333336
12/12/24,32.708333333333336
13/12/24,28.802083333333336
14/12/24,24.8125
15/12/24,18.458333333333332
16/12/24,16.802083333333336
17/12/24,23.4375
18/12/24,24.083333333333332
19/12/24,8.375
20/12/24,16.875
21/12/24,12.7375
22/12/24,11.335416666666667
23/12/24,16.208333333333332
24/12/24,24.854166666666668
25/12/24,46.9375
26/12/24,20.354166666666668
27/12/24,19.52668795620438
28/12/24,17.697916666666668
29/12/24,19.260416666666668
30/12/24,20.385416666666668
31/12/24,20.739583333333336
01/01/25,31.847551703163017
02/01/25,30.671593673965937
03/01/25,23.366666666666667
04/01/25,18.599358974358974
05/01/25,15.447916666666668
06/01/25,17.46875
07/01/25,18.489583333333336
08/01/25,17.96875
09/01/25,14.177083333333334
10/01/25,8.842307692307692
11/01/25,7.09375
12/01/25,12.552083333333332
13/01/25,15.65625
14/01/25,23.354166666666664
15/01/25,24.854166666666664
16/01/25,22.427083333333332
17/01/25,25.833333333333336
18/01/25,23.104166666666664
19/01/25,22.895833333333332
20/01/25,14.135416666666666
21/01/25,15.30654761904762
22/01/25,22.297619047619047
23/01/25,27.711041666666667
24/01/25,23.450625000000002
25/01/25,21.635416666666668
26/01/25,18.760416666666668
27/01/25,18.498958333333334
28/01/25,24.568541666666665
29/01/25,14.5625
30/01/25,15.413194444444443
31/01/25,17.833333333333336
01/02/25,21.770833333333332
02/02/25,22.041666666666664
03/02/25,19.217261904761905
04/02/25,16.741071428571427
05/02/25,25.020833333333336
06/02/25,19.4375
07/02/25,15.041666666666668
08/02/25,20.427083333333336
09/02/25,19.083333333333336
10/02/25,19.208333333333336
11/02/25,25.208333333333332
12/02/25,16.041666666666668
13/02/25,19.010416666666668
14/02/25,25.354166666666664
15/02/25,20.833333333333336
16/02/25,16.6875
17/02/25,17.395833333333332
18/02/25,17.583333333333336
19/02/25,15.3125
20/02/25,25.885416666666664
21/02/25,23.1875
22/02/25,18.5625
23/02/25,17.489583333333336
24/02/25,15.958333333333332
25/02/25,18.979166666666668
26/02/25,21.279761904761905
27/02/25,24.541666666666664
28/02/25,29.708333333333336
01/03/25,27.708333333333336
02/03/25,24.104166666666664
03/03/25,24.354166666666668
04/03/25,19.8125
05/03/25,27.604166666666668
06/03/25,25.75
07/03/25,18.770833333333336
08/03/25,16.125
09/03/25,18.368055555555557
10/03/25,21.57986111111111
11/03/25,18.229166666666664
12/03/25,26.3125
13/03/25,20.854166666666668
14/03/25,13.479166666666666
15/03/25,12.0625
16/03/25,21.645833333333336
17/03/25,26.770833333333336
18/03/25,25.9375
19/03/25,27.770833333333336
20/03/25,34.833333333333336
21/03/25,22.208333333333336
22/03/25,20.750466417910445
23/03/25,19.21875
24/03/25,19.858986318407958
25/03/25,34.86971393034826
26/03/25,26.1875
27/03/25,20.729166666666668
28/03/25,13.0625
29/03/25,15.5
30/03/25,21.166666666666664
31/03/25,27.125
01/04/25,28.520833333333336
02/04/25,23.979166666666664
03/04/25,19.8125
04/04/25,15.895833333333332
05/04/25,17.270833333333336
06/04/25,20.25
07/04/25,18
08/04/25,29.875
09/04/25,21.8125
10/04/25,14.729166666666668
11/04/25,15.520833333333334
12/04/25,13.833333333333332
13/04/25,14.53125
14/04/25,16.9375
15/04/25,18.666666666666668
16/04/25,26.145833333333336
17/04/25,33.33333333333333
18/04/25,44.25
19/04/25,38.27083333333333
20/04/25,32.645833333333336
21/04/25,25.731851374570446
22/04/25,24.927083333333336
23/04/25,23.34375
24/04/25,22.97519329896907
25/04/25,30.813788659793815
26/04/25,27.625
27/04/25,17.625
28/04/25,17.5
29/04/25,24.8125
30/04/25,28.208333333333336
01/05/25,24.354166666666664
02/05/25,26.604166666666668
03/05/25,26.291666666666668
04/05/25,26.875
05/05/25,18.416666666666664
06/05/25,19.260416666666664
07/05/25,23.4375
08/05/25,25.479166666666664
09/05/25,28.354166666666668
10/05/25,21.572916666666668
11/05/25,15.464743589743591
12/05/25,19.649839743589745
13/05/25,22.916666666666664
14/05/25,26
15/05/25,20.666666666666668
16/05/25,22.645833333333336
17/05/25,28.0625
18/05/25,25.666666666666664
19/05/25,27.239583333333332
20/05/25,28.375
21/05/25,29.229166666666664
22/05/25,26.25
23/05/25,26.697916666666668
24/05/25,18.291666666666668
25/05/25,12.479166666666668
26/05/25,14.520833333333332
27/05/25,18.145833333333336
28/05/25,8.65625
29/05/25,9.614583333333332
30/05/25,16.833333333333336
31/05/25,21.729166666666664
01/06/25,23.520833333333336
02/06/25,16.25
03/06/25,17.979166666666664
04/06/25,18.8125
05/06/25,17.916666666666664
06/06/25,18.208333333333336
07/06/25,14.833333333333332
08/06/25,19.916666666666664
09/06/25,15.291666666666666
10/06/25,24.479166666666664
11/06/25,17.270833333333336
12/06/25,21.708333333333336
13/06/25,12.614583333333332
14/06/25,4.177083333333334
15/06/25,6.104166666666666
16/06/25,12.4375
17/06/25,14.708333333333334
18/06/25,8.8125
19/06/25,8.413194444444445
20/06/25,11.028472222222224
21/06/25,6.85
22/06/25,6.833333333333334
23/06/25,8.895833333333334
24/06/25,14.708333333333332
25/06/25,16.8125
26/06/25,17.5
27/06/25,13.645833333333334
28/06/25,9.75
29/06/25,7.441737288135593
30/06/25,13.864583333333334
01/07/25,12.34375
02/07/25,7.685381355932203
03/07/25,14.479166666666666
04/07/25,20.75
05/07/25,19.6875
06/07/25,17.979166666666664
07/07/25,19.958333333333336
08/07/25,17.078125
09/07/25,17.739583333333332
10/07/25,23.375
11/07/25,27.1875
12/07/25,22.4375
13/07/25,13.21875
14/07/25,14.375
15/07/25,18.010416666666668
16/07/25,17.416666666666668
17/07/25,20.510416666666664
18/07/25,21.375
19/07/25,16.75297619047619
20/07/25,13.55952380952381
21/07/25,20.854166666666664
22/07/25,17.697916666666664
23/07/25,16
24/07/25,13.48263888888889
25/07/25,11.621527777777779
26/07/25,15.0625
27/07/25,7.90625
28/07/25,10.258333333333333
29/07/25,10.479166666666666
30/07/25,9.833333333333334
31/07/25,14.463541666666668
01/08/25,13.697916666666666
02/08/25,15.333333333333334
03/08/25,12.791666666666668
04/08/25,10.9375
05/08/25,10.291666666666666
06/08/25,8.958333333333334
07/08/25,12.635416666666668
08/08/25,18.78125
09/08/25,17.895833333333332
10/08/25,18.208333333333332
11/08/25,21.114583333333332
12/08/25,14.104166666666666
13/08/25,12.708333333333334
14/08/25,13.395833333333334
15/08/25,6.864583333333334
16/08/25,11.135416666666668
17/08/25,9.666666666666668
18/08/25,10.666666666666666
19/08/25,13.59375
20/08/25,11.71875
21/08/25,10.989583333333334
22/08/25,14.9375
23/08/25,10.479166666666668
24/08/25,10.5625
25/08/25,14.0625
26/08/25,10.885416666666668
27/08/25,10.21875
28/08/25,16.291666666666668
29/08/25,18.197916666666664
30/08/25,15.625
31/08/25,7.260416666666667
01/09/25,5.958333333333334
02/09/25,13.8125
03/09/25,17.020833333333332
04/09/25,17.75
05/09/25,12.458333333333332
06/09/25,20.4375
07/09/25,17.458333333333336
08/09/25,18.479166666666668
09/09/25,15.1875
10/09/25,11.5625
11/09/25,7.0625
12/09/25,9.479166666666668
13/09/25,9.770833333333332
14/09/25,10.75
15/09/25,10.84375
16/09/25,11.369791666666666
17/09/25,7.395833333333334
18/09/25,10.416666666666668
19/09/25,7.895833333333334
20/09/25,7.697916666666666
21/09/25,8.8125
22/09/25,12.125
23/09/25,10.291666666666668
24/09/25,10.520833333333332
25/09/25,8.1875
26/09/25,16.666666666666664
27/09/25,14.5625
28/09/25,12.333333333333334
29/09/25,14.369706284153004
30/09/25,19.822916666666668
01/10/25,20.822916666666668
02/10/25,20.010416666666668
03/10/25,15.193647540983605
04/10/25,22.040812841530055
05/10/25,12.583333333333334
06/10/25,11.34375
07/10/25,12.333333333333334
08/10/25,5.84375
09/10/25,8.104166666666668
10/10/25,10.5
11/10/25,6.729166666666666
12/10/25,13.270833333333332
13/10/25,8.958333333333334
14/10/25,14.166666666666668
15/10/25,9.104166666666666
16/10/25,18.791666666666664
17/10/25,23.479166666666664
18/10/25,21.354166666666664
19/10/25,14.645833333333334
20/10/25,15.333333333333332
21/10/25,15.25
22/10/25,8.25
23/10/25,12.666666666666668
24/10/25,19.125
25/10/25,19.625
26/10/25,15.583333333333332
27/10/25,12.5
28/10/25,16.791666666666664
29/10/25,11.5
30/10/25,21.958333333333336
31/10/25,19.208333333333336
01/11/25,21.895833333333336
02/11/25,23.666666666666664
03/11/25,16.125
04/11/25,23.625
05/11/25,27.979166666666668
06/11/25,15.979166666666666
07/11/25,26
08/11/25,28.0625
09/11/25,17.1875
10/11/25,10.041666666666668
11/11/25,18.791666666666668
12/11/25,27.958333333333336
13/11/25,21.333333333333336
14/11/25,24.666666666666664
15/11/25,22.395833333333332
16/11/25,26.4375
17/11/25,21.166666666666664
18/11/25,26.5625
19/11/25,20.270833333333332
20/11/25,29.125
21/11/25,31.333333333333336
22/11/25,24.145833333333336
23/11/25,20.041666666666664
24/11/25,22.1875
25/11/25,25.520833333333332
26/11/25,27.520833333333336
27/11/25,11.645833333333332
28/11/25,9.895833333333332
29/11/25,23.145833333333332
30/11/25,29.291666666666664
01/12/25,24.583333333333332
02/12/25,25.395833333333332
03/12/25,23.770833333333336
04/12/25,26
05/12/25,24.166666666666668
06/12/25,21.9375
07/12/25,25.395833333333336
08/12/25,14.416666666666668
09/12/25,24.895833333333336
10/12/25,22.416666666666664
11/12/25,13.3125
12/12/25,24.416666666666668
13/12/25,21.25
14/12/25,15.041666666666668
15/12/25,6.322916666666667
16/12/25,16.395833333333336
17/12/25,21.708333333333336
18/12/25,23.416666666666668
19/12/25,22.333333333333336
20/12/25,27.104166666666668
21/12/25,22.25
22/12/25,19.145833333333336
23/12/25,16.375
24/12/25,25.645833333333336
25/12/25,38.5625
26/12/25,23.762896825396826
27/12/25,19.552083333333336
28/12/25,21.864583333333336
29/12/25,18.614583333333336
30/12/25,14.864583333333334
31/12/25,23.41418650793651